sentence,gold_binary,pred_binary,event_type
"knew <s>saddam hussein's regime</s> is no more, the focus in <t>iraq</t> is turning from military action to rebuilding which means the coalition's role in the country will have to change.",0,0,Business:End-Org
"So <t>Oracle</t> and <s>Peoplesoft</s>, who spent the last 18 months insulting one another in every imaginable way, are finally tying the knot ?",1,0,Business:Merge-Org
"<t>The ruling Millennium Democratic Party</t> (MDP), founded by <s>former president Kim Dae-Jung</s>, has suffered declining popularity since President Roh Moo-Hyun took office in February.",0,1,Business:Start-Org
"Founded by <s>former mayor Gholamhossein Karbaschi</s>, Hamshahri was quick to become <t>Iran</t>'s biggest-selling daily with a circulation of 450,000.",0,0,Business:Start-Org
"hamas was founded in 1988 by <s>a blind paraplegic cleric who was influenced by the islamic muslim brotherhood</s>, with backing from israel, he set up <t>sharities</t> in the improverished strip in the 1970s.",0,1,Business:Start-Org
"hamas was founded in 1988 by <s>a blind paraplegic cleric who was influenced by the islamic muslim brotherhood</s>, with backing from israel, he set up sharities in <t>the improverished strip</t> in the 1970s.",0,1,Business:Start-Org
"Also on Sunday, <s>South Korean lawmakers</s> said they would work to quickly set up <t>a special parliamentary committee</t> to deal with the North's nuclear issue.",0,0,Business:Start-Org
A <s>U.S.</s>-sponsored forum that brought Iraqi opposition leaders together to shape <t>the country's postwar government</t> began Tuesday with a <s>U.S.</s> promise not to rule Iraq and concluded with an agreement to meet again in 10 days.,0,0,Business:Start-Org
A <s>U.S.</s>-sponsored forum that brought <t>Iraq</t>i opposition leaders together to shape the country's postwar government began Tuesday with a <s>U.S.</s> promise not to rule <t>Iraq</t> and concluded with an agreement to meet again in 10 days.,0,0,Business:Start-Org
A U.S.-sponsored forum that brought <s>Iraqi opposition leaders</s> together to shape <t>the country's postwar government</t> began Tuesday with a U.S. promise not to rule Iraq and concluded with an agreement to meet again in 10 days.,0,0,Business:Start-Org
A U.S.-sponsored forum that brought <s><t>Iraq</t>i opposition leaders</s> together to shape the country's postwar government began Tuesday with a U.S. promise not to rule <t>Iraq</t> and concluded with an agreement to meet again in 10 days.,0,0,Business:Start-Org
"Eight-thirty-six a.m. Walter Rodgers reports according to Army sources, Iraqi officials are fleeing <t>Baghdad</t> in droves, using civilian convoys top avoid being targeted by <s>coalition</s> air strikes.",1,1,Conflict:Attack
"Eight-thirty-six a.m. Walter Rodgers reports according to Army sources, <t>Iraqi officials</t> are fleeing Baghdad in droves, using civilian convoys top avoid being targeted by <s>coalition</s> air strikes.",1,1,Conflict:Attack
"<s>Ba'asyir, 64</s>, was arrested on preliminary charges of involvement in a series of church bombings on the eve of the 2000 Christmas and an alleged plot to assassinate <t>Megawati Soekarnoputri</t> in 1999, when she was vice president.",1,1,Conflict:Attack
"<t>Three police stations in Haditha, a small town west of Ramadi</t>, were assaulted by <s>groups of insurgents</s>.",1,1,Conflict:Attack
"Three police stations in <t>Haditha</t>, a small town west of Ramadi, were assaulted by <s>groups of insurgents</s>.",1,1,Conflict:Attack
"<s>Toefting</s> was convicted in October 2002 of assaulting <t>a pair of restaurant workers</t> during a night out with national squad teammates in the capital, Copenhagen.",1,1,Conflict:Attack
"Chances are the Iraqis are going to continue to stick with what we've seen before, <s>irregular forces</s> blending in with civilians trying to attack <t>U.S. forces</t>, some more of these suicide attacks which are going to be problematic for our troops.",1,1,Conflict:Attack
the associated press is reporting that <s>u.s. troops</s> have launched an attack on <t>saddam international airport</t>.,1,1,Conflict:Attack
<t>a cruise ship</t> is being searched off the hawaii coast after two notes threatening <s>terrorist</s> attack were found on board.,1,1,Conflict:Attack
"The strike ordered by <s>sharon</s> against the palestinian leadership going, targeting <t>a top leader</t>, mr. rantissi who escaped the helicopter rocket attack on his motorcade.",1,1,Conflict:Attack
"``We do control <t>the highways in and out of the city</t> and do have the capability to interdict, to stop, to attack any Iraqi military forces that might try to either escape or to engage <s>our forces</s>,'' said Pace.",1,1,Conflict:Attack
"``We do control the highways in and out of the city and do have the capability to interdict, to stop, to attack <t>any Iraqi military forces</t> that might try to either escape or to engage <s>our forces</s>,'' said Pace.",1,1,Conflict:Attack
"An abortive attack on Soviet positions in <t>Mongolia</t> had placed <s>Japan</s>'s focus firmly south, towards the possessions of the US' future allies.",1,1,Conflict:Attack
<s>The Japanese terrorist cult Aum Shinrikyo</s>--which launched the infamous Sarin gas attack on the <t>Tokyo subway system</t> in 1995--was discovered to have experimented with the use of lasers as weapons.,1,1,Conflict:Attack
"US President George W. Bush condemned the ""attack on innocents in <t>Israel</t>,"" White House spokesman Ari Fleischer said, adding that ""his message to <s>the terrorists</s> is: Their efforts will not be succcessful.",1,1,Conflict:Attack
"US President George W. Bush condemned the ""attack on <t>innocents in Israel</t>,"" White House spokesman Ari Fleischer said, adding that ""his message to <s>the terrorists</s> is: Their efforts will not be succcessful.",1,1,Conflict:Attack
We get reports that <t>these civilians</t> especially in the (INAUDIBLE) population have been attacked by <s>the Iraqi regime themselves</s> so they can't blame the American and said look what the American doing to us.,1,1,Conflict:Attack
We get reports that these civilians especially in <t>the (INAUDIBLE) population</t> have been attacked by <s>the Iraqi regime themselves</s> so they can't blame the American and said look what the American doing to us.,1,1,Conflict:Attack
The group is also claiming that <s>Islamic Jihad militants</s> are already inside Iraq to carry out attacks against <t>U.S. and British forces</t>.,1,1,Conflict:Attack
They don't want to rock the boat now by attempting to starve out <s>the mullahs' terror agent</s> that conducts the proxy attacks against <t>Israel</t> that Iran cannot afford to do itself openly.,1,1,Conflict:Attack
"Most <t>US army</t> commanders believe it is critical to pause the breakneck advance towards Baghdad to secure the supply lines and make sure weapons are operable and troops resupplied after days of powerful sandstorms and damage inflicted by <s>Iraqi</s> attacks, the Post reports.",1,1,Conflict:Attack
a reuters correspondent said <t>dozens of iraqi civilians and soldiers</t> were killed in what witnesses called a barrage of <s>u.s.</s> artillery.,1,1,Conflict:Attack
"``If <s>U.S. forces</s> seriously degrade Iraq's half-dozen Republican Guard divisions before that final battle, and only have to face perhaps <t>30,000 Special Republican Guard, fedayeen, and related personnel</t>, the task will not be as hard as it might have been,'' he said.",1,1,Conflict:Attack
<s>U.S. Marines</s> battled <t>snipers</t> as they fought deeper into the capital from the east.,1,1,Conflict:Attack
"while we do, we want to tell you <s>marines battling for control of the bridges in the southern city of nasiriyah</s> face stiff resistance from <t>iraqi paramilitary groups</t> today.",1,1,Conflict:Attack
"while we do, we want to tell you <s>marines battling for control of <t>the bridges in the southern city of nasiriyah</t></s> face stiff resistance from iraqi paramilitary groups today.",1,1,Conflict:Attack
"Police say <s>a suicide bomber</s> blew himself up outside <t>this cafe</t>, called The London Cafe, earlier Sunday afternoon.",1,1,Conflict:Attack
"From the south to the north in <t>the rolling hills of northern Iraq</t>, <s>coalition</s> air strikes targeted Iraqi positions today in what's been called a ferocious bombardment.",1,1,Conflict:Attack
"Tareq Ayyoub, a journalist with Al-Jazeera, died when a <s>U.S</s>. warplane bombed <t>the Arab-language satellite television's office</t>.",1,1,Conflict:Attack
"There was the free press in Qatar, al Jeezera but its' <t>offices in Kabul and Baghdad</t> were bombed by <s>Americans</s>.",1,1,Conflict:Attack
<s>U.S</s>. aircraft bombed Iraqi tanks holding <t>bridges close to the city</t>.,1,1,Conflict:Attack
"There had been many <s>terrorist</s> attacks here in Netanya, including the deadliest suicide bombing ever in Israel almost exactly a year ago, March 27, at the Park Hotel during Passover, <t>29 people</t> killed in that attack.",1,1,Conflict:Attack
"There had been many <s>terrorist</s> attacks here in Netanya, including the deadliest suicide bombing ever in Israel almost exactly a year ago, March 27, at <t>the Park Hotel</t> during Passover, 29 people killed in that attack.",1,1,Conflict:Attack
"meanwhile, <s>islamic jihad</s> is claiming responsibility for a bombing today at a small israeli grocery store in israel, but near <t>the west bank board</t>.",1,1,Conflict:Attack
"meanwhile, <s>islamic jihad</s> is claiming responsibility for a bombing today at <t>a small israeli grocery store in israel</t>, but near the west bank board.",1,1,Conflict:Attack
"<s>Ba'asyir</s> was not officially charged with the <t>Bali</t> bombing last October, but police said he gave his blessing to the <t>Bali</t> perpetrators.",0,1,Conflict:Attack
"Also, in <t>southern Iraq</t> today near Basra, two members - claimed to be <s>members of Saddam's Thataeen (ph) group</s> surrendered to U.S. troops saying that they had been ordered to carry out suicide bombings down there but that they didn't want to die for the regime so they were surrendering.",1,0,Conflict:Attack
"<s>Ba'asyir, 64</s>, was arrested on preliminary charges of involvement in a series of <t>church</t> bombings on the eve of the 2000 Christmas and an alleged plot to assassinate Megawati Soekarnoputri in 1999, when she was vice president.",1,1,Conflict:Attack
"Under Barghouti, <s>the Tanzim</s> has also carried out suicide bombings in <t>Israel</t> under the name al-Aqsa Martyrs' Brigades.",1,1,Conflict:Attack
<s>Between 10 and 15 Iraqis armed only with rifles</s> charged <t>Marine tanks</t> in the suicide charge.,1,1,Conflict:Attack
"Some 70 people were arrested Saturday as <s>demonstrators</s> clashed with <t>police</t> at the end of a major peace rally here, as at least 200,000 anti-war protesters took to the streets across the United States and Canada.",1,1,Conflict:Attack
"Americans sought to bring calm to <t>Mosul</t>, where <s>U.S. troops</s> killed 17 people in clashes earlier in the week.",1,1,Conflict:Attack
"Americans sought to bring calm to Mosul, where <s>U.S. troops</s> killed <t>17 people</t> in clashes earlier in the week.",1,1,Conflict:Attack
"<t>Several police officers</t> were treated for the effects of gas after the ensuing clashes -- a result, police said, of <s>the demonstrators</s> using self-defence devices.",1,1,Conflict:Attack
Iraqi Kurds fear that <s>Turkish troops</s> could move deep into <t>the autonomous enclave in northern Iraq</t> and have threatened clashes.,1,1,Conflict:Attack
<t>Iraqi Kurds</t> fear that <s>Turkish troops</s> could move deep into the autonomous enclave in northern Iraq and have threatened clashes.,1,1,Conflict:Attack
"for a week now, <s>protesters</s> have been clashing with police and <t>backers of the clerical regime</t> in tehran.",1,1,Conflict:Attack
"for a week now, <s>protesters</s> have been clashing with <t>police</t> and backers of the clerical regime in tehran.",1,1,Conflict:Attack
"for a week now, <s>protesters</s> have been clashing with police and backers of the clerical regime in <t>tehran</t>.",1,1,Conflict:Attack
"Assorted prizes fell into allied hands, some after hard fighting, but <s>U.S. forces</s> had yet to confront <t>Baghdad's last-ditch defenders</t> on a large scale.",1,1,Conflict:Attack
"The next day, authorities say, <s>Montgomery</s> confessed that she strangled <t>Stinnett</t> from behind, cut her open, removed the baby and cut her umbilical cord.",1,1,Conflict:Attack
<s>U.S.-led forces</s> were able to press farther north after defeating <t>Iraqi Republican Guard units</t> at Karbala and Kut (ph).,1,1,Conflict:Attack
"<s>The Israeli military</s> on Monday demolished <t>the Qawasmeh family home</t>, part of a policy of trying to deter attacks by punishing assailants' relatives.",1,1,Conflict:Attack
"<s>British troops</s> control the outskirts of the town, and today destroyed <t>another building they said housed Iraqi fighters</t>.",1,1,Conflict:Attack
He claimed <s>Iraqi troops</s> had destroyed <t>five tanks</t>.,1,1,Conflict:Attack
<s>u.s.-led forces</s> are approaching iraq's capital after destroying <t>the medina and baghdad divisions of the republican guard</t>.,1,1,Conflict:Attack
"Now the nut of the question should be, What if Iran gives, sells, provides nuclear weapons to <s>Islamic extremists</s> to smuggle into the United States and at 10 AM on a Wednesday pop 2 or 3 in New York City, destroying Wall street, the large banks, the large Insurance companies, the large sock brokerage houses and <t>many other world wide financial institutions</t>.",1,1,Conflict:Attack
"Now the nut of the question should be, What if Iran gives, sells, provides nuclear weapons to <s>Islamic extremists</s> to smuggle into the United States and at 10 AM on a Wednesday pop 2 or 3 in New York City, destroying <t>Wall street</t>, the large banks, the large Insurance companies, the large sock brokerage houses and many other world wide financial institutions.",1,1,Conflict:Attack
"Now the nut of the question should be, What if Iran gives, sells, provides nuclear weapons to <s>Islamic extremists</s> to smuggle into the United States and at 10 AM on a Wednesday pop 2 or 3 in New York City, destroying Wall street, the large banks, <t>the large Insurance companies</t>, the large sock brokerage houses and many other world wide financial institutions.",1,1,Conflict:Attack
"Now the nut of the question should be, What if Iran gives, sells, provides nuclear weapons to <s>Islamic extremists</s> to smuggle into the United States and at 10 AM on a Wednesday pop 2 or 3 in New York City, destroying Wall street, the large banks, the large Insurance companies, <t>the large sock brokerage houses</t> and many other world wide financial institutions.",1,1,Conflict:Attack
"As the soldiers approached, <s>the man</s> detonated explosives in the car killing <t>all four of the soldiers</t>.",1,1,Conflict:Attack
and these pictures show iraqis running for cover just before <s>u.s</s>. planes dropped a bomb near <t>northern iraq</t>.,1,1,Conflict:Attack
witnesses say <s>iraqi troops</s> are dug in trying to fend off coalition troops making their way into <t>the capital</t>'s main airport.,1,1,Conflict:Attack
witnesses say <s>iraqi troops</s> are dug in trying to fend off <t>coalition troops</t> making their way into the capital's main airport.,1,1,Conflict:Attack
<s>ozzy's wife</s> reportedly got into a fight with <t>hollywood agent renee tab</t>.,1,1,Conflict:Attack
"Earlier in the day, <s>the 1st Brigade of the 3rd Infantry Division</s> took <t>Karbala</t> with a minimum of fight.",1,0,Conflict:Attack
"These are <s>soldiers of the U.S. 3rd Infantry</s>, fighting near <t>Karbala</t>, southwest of Baghdad.",1,1,Conflict:Attack
<s>troops</s> are involved in heavy fighting with <t>iraqi forces</t>.,1,1,Conflict:Attack
the unrest continues there and this follows up the shooting we talked about yesterday in which at least seven iraqis were killed by <s>u.s</s>. fire after they apparently came under fire trying to secure <t>a certain part of the central part of mosul</t>.,1,1,Conflict:Attack
the unrest continues there and this follows up the shooting we talked about yesterday in which <t>at least seven iraqis</t> were killed by <s>u.s</s>. fire after they apparently came under fire trying to secure a certain part of the central part of mosul.,1,1,Conflict:Attack
"In <t>a village near the West Bank city of Nablus</t> on Tuesday, <s>Israeli troops</s> opened fire on youths throwing stones, hitting a 9-year-old Palestinian boy in the head and critically wounding him, and hitting two 12-year-old boys in the legs, lightly wounding them, Palestinian hospital officials said.",1,1,Conflict:Attack
"In a village near the West Bank city of Nablus on Tuesday, <s>Israeli troops</s> opened fire on <t>youths throwing stones</t>, hitting a 9-year-old Palestinian boy in the head and critically wounding him, and hitting two 12-year-old boys in the legs, lightly wounding them, Palestinian hospital officials said.",1,1,Conflict:Attack
"<s>North Korea's military</s> may have fired a laser at <t>a U.S. helicopter</t> in March, a U.S. official said Tuesday, as the communist state ditched its last legal obligation to keep itself free of nuclear weapons.",1,1,Conflict:Attack
<s>The Iraqi unit in possession of those guns</s> fired mortars in the direction of <t>the 7th Cavalry</t>.,1,1,Conflict:Attack
"Over 45 minutes as we watched, 32 patients were delivered here, evaluated and nine operations started; 29 of those delivered, <s>Marines</s> involved in a firefight in <t>the center of Baghdad</t>.",1,1,Conflict:Attack
"24 hours before the fall of baghdad, 24 hours before <s>his fellow marines</s> engaged in a fierce firefight at <t>baghdad university</t>, teeterman's orders had him just south of the capital taking out iraqi resistance a top a warehouse roof.",1,1,Conflict:Attack
"There was a bit of a firefight when <s>the 7th Cavalry</s> came upon <t>three Soviet vintage 20- millimeter anti-aircraft guns</t>, ack-ack guns.",1,1,Conflict:Attack
<s>Some Republican Guard troops</s> fought fiercely on <t>the northern side of the airport complex</t>.,1,1,Conflict:Attack
"regardless, the statement praised <s>iraqis</s> who have fought <t>coalition forces</t>.",1,1,Conflict:Attack
"As <s>conventional units</s> fought their way to <t>the outskirts of the capital</t>, officials said special forces had raided the Tharthar presidential palace near Tikrit, Saddam's hometown.",1,1,Conflict:Attack
"Kurdish militiamen and U.S. special operations troops linked up with more than 1,000 U.S. Army paratroopers Thursday to secure the area around a strategic air strip, as <s>the first large coalition ground force in <t>northern Iraq</t></s> began opening another front against Saddam Hussein's regime.",1,0,Conflict:Attack
"Kurdish militiamen and U.S. special operations troops linked up with more than 1,000 U.S. Army paratroopers Thursday to secure the area around a strategic air strip, as <s>the first large coalition ground force in northern Iraq</s> began opening another front against <t>Saddam Hussein's regime</t>.",1,1,Conflict:Attack
Pentagon officials have said for weeks they would have <s>U.S. forces in northern Iraq</s> to open another front against <t>Saddam's forces</t>.,1,1,Conflict:Attack
"in northern iraq, u.s. marines and <s><t>residents</t></s> exchanged gunfire in the city of mosul today, in the second day of civil disturbances there.",1,1,Conflict:Attack
"in northern iraq, u.s. marines and <s>residents</s> exchanged gunfire in <t>the city of mosul</t> today, in the second day of civil disturbances there.",1,1,Conflict:Attack
"in northern iraq, <s>u.s. marines</s> and <t>residents</t> exchanged gunfire in the city of mosul today, in the second day of civil disturbances there.",1,1,Conflict:Attack
"in northern iraq, <s>u.s. marines</s> and residents exchanged gunfire in <t>the city of mosul</t> today, in the second day of civil disturbances there.",1,1,Conflict:Attack
"At least three members of a family in <t>Indias northeastern state of Tripura</t> were hacked to death by <s>a tribal mob</s> for allegedly practicing witchcraft, police said Thursday.",1,1,Conflict:Attack
"<t>At least three members of a family in Indias northeastern state of Tripura</t> were hacked to death by <s>a tribal mob</s> for allegedly practicing witchcraft, police said Thursday.",1,1,Conflict:Attack
"the israeli government said its forces were returning fire and that <t>miller</t> was shot in the back, suggesting he could have been hit by <s>palestinian gunmen</s>.",1,1,Conflict:Attack
"In a village near the West Bank city of Nablus on Tuesday, <s>Israeli troops</s> opened fire on youths throwing stones, hitting a 9-year-old Palestinian boy in the head and critically wounding him, and hitting <t>two 12-year-old boys</t> in the legs, lightly wounding them, Palestinian hospital officials said.",1,1,Conflict:Attack
"Don't even bother asking if this guy remembers the Iraq/<t>Iran</t> war of 1980-1988, which when <s>Saddam</s> launched a land/ air invasion of <t>Iran</t>.",1,1,Conflict:Attack
"If <s>the israelis</s> wanted to kill <t>Arafat</t>, I think they'd have better ways.",1,1,Conflict:Attack
"<s>The mob</s> dragged out three members of a family and (killed) them with machetes and spears before fleeing <t>the area</t>, the spokesman said by telephone from Agartala.",1,1,Conflict:Attack
"Too young to remember the scuds Saddam's Iraqi Republican Guards lobbed into Israel in 1991, or 1982 when <s>the Israelis</s> levelled <t>the Iraqi nuclear weapon facility</t>?",1,1,Conflict:Attack
"the message from the israeli government is that its soldiers are not targeting journalists, but that journalists who travel to places where there could be live fire exchange between <t>israeli forces</t> and <s>palestinian gunmen</s> have a responsibility to take greater precautions.",1,1,Conflict:Attack
The Foreign minister also indicated that <s>North Korea</s> will continue to develop long range missiles capable of obliterating any target within the borders of <t>the United States</t>.,1,1,Conflict:Attack
"The Iraqis arrested looked bemused (ph) and plead innocence but with <s>many militia here</s>, pretending to surrender only to open fire on <t>their captors</t> later, first impressions can be deceptive and lethal.",1,1,Conflict:Attack
"<s>The Apache troop</s> opened its tank guns, opened its own mortars, decimated <t>that unit</t>, put it out of existence and probably killed some 20 Iraqis in the process.",1,1,Conflict:Attack
"From the Associated Press : <s>A lone gunman</s> opened fire with an assault rifle Sunday inside <t>a crowded mall in upstate New York</t>, wounding one person before running out of ammunition and being subdued by employees, authorities said.",1,1,Conflict:Attack
"From the Associated Press : <s>A lone gunman</s> opened fire with an assault rifle Sunday inside a crowded mall in upstate New York, wounding <t>one person</t> before running out of ammunition and being subdued by employees, authorities said.",1,1,Conflict:Attack
That's because <s>coalition</s> fighter jets pummeled this Iraqi position on <t>the hills above Chamchamal</t> and Iraqi troops made a hasty retreat.,1,1,Conflict:Attack
"WASHINGTON _ Having punched through <t>severely depleted Republican Guard divisions that formed Baghdad's outer defensive ring</t>, <s>U.S. Army and Marine forces</s> are likely to pause again to test the Iraqi capital's inner defenses and waall but evaporated under the weight of the U.S. assault.",1,1,Conflict:Attack
<s>hamas</s> and other palestinian militant group rejected abbas' call to end their attacks with a deadly raid on <t>an israeli army outpost in gaza</t>.,1,1,Conflict:Attack
<s>hamas</s> and other palestinian militant group rejected abbas' call to end their attacks with a deadly raid on an israeli army outpost in <t>gaza</t>.,1,1,Conflict:Attack
hamas and <s>other palestinian militant group</s> rejected abbas' call to end their attacks with a deadly raid on <t>an israeli army outpost in gaza</t>.,1,1,Conflict:Attack
hamas and <s>other palestinian militant group</s> rejected abbas' call to end their attacks with a deadly raid on an israeli army outpost in <t>gaza</t>.,1,1,Conflict:Attack
"There was fierce fighting in <t>Kut, to the south of Baghdad</t>, where <s>desperate Iraqis armed with rifles</s> charged tanks in a suicide raid.",1,1,Conflict:Attack
"As conventional units fought their way to the outskirts of the capital, officials said <s>special forces</s> had raided <t>the Tharthar presidential palace near Tikrit, Saddam's hometown</t>.",1,1,Conflict:Attack
"As conventional units fought their way to the outskirts of the capital, officials said <s>special forces</s> had raided the Tharthar presidential palace near <t>Tikrit</t>, Saddam's hometown.",1,1,Conflict:Attack
<t>Most of the compound</t> was severely damaged from prior <s>U.S</s>. raids.,1,1,Conflict:Attack
"Defense officials say Jordan provided key help in the Iraq war, acting as a staging area for <s>U.S. special operations</s> raids into <t>western Iraq</t> to prevent missiles from being fired at Jordan or Israel.",1,0,Conflict:Attack
"Without claiming responsibility, Hamas and another hardline group, Islamic Jihad, said the blast was revenge for a string of bloody <s>Israeli army</s> raids into <t>the Gaza Strip</t> in recent weeks.",1,1,Conflict:Attack
"<s>The Army's 3rd Infantry</s> has punched through <t>Karbala</t>, meeting only light resistance from the Medina Republican Guard, and moving along highway nine within 25 miles of Baghdad.",1,1,Conflict:Attack
"<s>The Army's 3rd Infantry</s> has punched through Karbala, meeting only light resistance from <t>the Medina Republican Guard</t>, and moving along highway nine within 25 miles of Baghdad.",1,1,Conflict:Attack
a <s>u.s.</s> tank shelled <t>the hotel</t> in response to sniper fire.,1,1,Conflict:Attack
"<s>The gunman</s> began shooting inside the Hudson Valley Mall shortly after 3 p.m. in <t>Kingston, nearly 90 miles north of New York City</t>.",1,1,Conflict:Attack
"Marines interviewed on Tuesday said they didn't see the shooting as a scandal, rather the act of <s>a comrade who faced intense pressure during the effort to quell the insurgency in <t>the city</t></s>.",1,0,Conflict:Attack
"This was perhaps due to the transformation of Tanzim into <s>an organization more resembling militant groups like Hamas and Islamic Jihad</s>, responsible for dozens of <t>civilian</t> deaths in drive-by shootings.",1,1,Conflict:Attack
"<t>These thieves</t> are trying to flee the German Embassy, having been shot at by <s>a guard</s>.",1,1,Conflict:Attack
"At the palace compound, <s>Iraqis</s> shot small arms fire from <t>a clock tower, which the U.S. tanks quickly destroyed</t>.",1,1,Conflict:Attack
"<s>Israeli troops</s> shot and killed <t>a 16-year-old Palestinian boy</t> and critically injured two children, ages 7 and 9, during conflicts in the West Bank that erupted Tuesday as Israeli and Palestinian leaders moved toward talks on a new Mideast peace plan.",1,1,Conflict:Attack
"<s>Israeli troops</s> shot and killed a 16-year-old Palestinian boy and critically injured <t>two children, ages 7 and 9</t>, during conflicts in the West Bank that erupted Tuesday as Israeli and Palestinian leaders moved toward talks on a new Mideast peace plan.",1,1,Conflict:Attack
"<s>Israeli troops</s> shot and killed a 16-year-old Palestinian boy and critically injured two children, ages 7 and 9, during conflicts in <t>the West Bank</t> that erupted Tuesday as Israeli and Palestinian leaders moved toward talks on a new Mideast peace plan.",1,1,Conflict:Attack
"<s>Israeli soldiers</s> shot and killed a 16-year-old Palestinian boy and wounded <t>a 7-year-old boy</t> after opening fire at stone throwers in the Tulkarem refugee camp in the West Bank on Tuesday, Palestinian hospital officials said.",1,1,Conflict:Attack
"<s>Israeli soldiers</s> shot and killed <t>a 16-year-old Palestinian boy</t> and wounded a 7-year-old boy after opening fire at stone throwers in the Tulkarem refugee camp in the West Bank on Tuesday, Palestinian hospital officials said.",1,1,Conflict:Attack
"<s>Israeli soldiers</s> shot and killed a 16-year-old Palestinian boy and wounded a 7-year-old boy after opening fire at stone throwers in <t>the Tulkarem refugee camp in the West Bank</t> on Tuesday, Palestinian hospital officials said.",1,1,Conflict:Attack
"And on Tuesday, <s>Israeli troops</s> shot dead <t>an elderly Palestinian shepherd outside a Jewish settlement on the edge of Gaza City</t>.",1,1,Conflict:Attack
"And on Tuesday, <s>Israeli troops</s> shot dead an elderly Palestinian shepherd outside <t>a Jewish settlement on the edge of Gaza City</t>.",1,1,Conflict:Attack
"Well, U.S. officials are investigating two possible friendly fire incidents in which <s>coalition forces</s> may have mistakenly shot at <t>allied aircraft</t>.",1,0,Conflict:Attack
central command says <s>the iraqis</s> shot down <t>an a-10 tank killer</t> today.,1,1,Conflict:Attack
"Early Saturday, <s>more units</s> were waiting in <t>Kuwait</t> to smash through any Iraqi resistance.",1,1,Conflict:Attack
"From the Associated Press : A baby girl who had been cut out of her mother's womb was found after a frantic search, and authorities arrested <s>the woman they say strangled <t>the mother</t> and stole the child</s>.",1,1,Conflict:Attack
"7:00 a.m., <s>u.s</s>. central command says the coalition may never know if <t>iraqi president saddam hussein</t> survived a <s>u.s</s>. air strike yesterday.",1,1,Conflict:Attack
"There was a strike on afraid in which <t>a number of israeli soldiers</t> killed, that executed by <s>coordinated group of islamic jihad</s> as well as al ak satisfy martyr brigades.",1,1,Conflict:Attack
"There was a strike on afraid in which <t>a number of israeli soldiers</t> killed, that executed by coordinated group of islamic jihad as well as <s>al ak satisfy martyr brigades</s>.",1,1,Conflict:Attack
"Attacking on the ground and calling in air strikes, Kurdish fighters and <s>U.S. troops</s> have dislodged <t>stubborn Iraqi soldiers at a key bridge in northern Iraq</t>.",1,1,Conflict:Attack
"Attacking on the ground and calling in air strikes, Kurdish fighters and <s>U.S. troops</s> have dislodged stubborn Iraqi soldiers at <t>a key bridge in northern Iraq</t>.",1,1,Conflict:Attack
"Attacking on the ground and calling in air strikes, <s>Kurdish fighters</s> and U.S. troops have dislodged <t>stubborn Iraqi soldiers at a key bridge in northern Iraq</t>.",1,1,Conflict:Attack
"Attacking on the ground and calling in air strikes, <s>Kurdish fighters</s> and U.S. troops have dislodged stubborn Iraqi soldiers at <t>a key bridge in northern Iraq</t>.",1,1,Conflict:Attack
"two <s>israeli</s> helicopter air strikes against palestinian targets, hamas targets in <t>gaza</t>.",1,1,Conflict:Attack
"two <s>israeli</s> helicopter air strikes against <t>palestinian targets</t>, hamas targets in gaza.",1,1,Conflict:Attack
"two <s>israeli</s> helicopter air strikes against palestinian targets, <t>hamas targets in gaza</t>.",1,1,Conflict:Attack
kennedy entered the navy earning hero status for saving his ship mates when <t>his boat</t> pt-109 was sunk by <s>the japanese</s>.,1,1,Conflict:Attack
A second reason is <t>Europe</t>'s growing worries about <s>Islamic</s> terrorism.,1,1,Conflict:Attack
"Dan Snyder of Baden, Pennsylvania writes, ""<s>Bush</s> should torture <t>the al Qaeda chief operations officer</t>.",1,1,Conflict:Attack
Diplomatic wrangling has centred around the French and Russian refusal to put their names to any resolution allowing <s>the United States</s> to unleash its military might against <t>Iraq</t> before weapons inspections have run their course.,1,1,Conflict:Attack
"reporter: experts say <s>saddam hussein's forces</s> will likely try to hold out in <t>baghdad</t> for as long as possible without using the weapons his government insists it does not have, hoping to build international pressure on the u.s. and britain to back down.",1,1,Conflict:Attack
"Two weeks into the war, American commanders reported a string of successes _ on the battlefield and within <t>an Iraqi population</t> initially reluctant about embracing <s>invading troops</s>.",1,1,Conflict:Attack
"The surprise move by France, which led opposition to the <s>U.S</s>. war against <t>Iraq</t>, followed last week's call by <s>U.S</s>. President George W. Bush for sanctions to be lifted quickly, so <t>Iraq</t> can trade freely and its oil revenue can be used to finance reconstruction.",1,1,Conflict:Attack
"While <s>Japan</s>ese officials realized that they had enough of each resource for <s>Japan</s> to do well IF THE WAR IN <t>CHINA</t> STOPPED, they were powerless over the military they were supposed to control.",1,1,Conflict:Attack
tense of thousands of additional u.s. troops are getting ready to join <s>coalition forces fighting the war in <t>iraq</t></s>.,1,0,Conflict:Attack
"The aggression by <s>the vile Americans</s> and the war against Iraq signifies a war against <t>all Arabs and Muslims around the world</t>, said Hamas senior official Abdul Aziz al-Rantissi.",1,1,Conflict:Attack
"The aggression by <s>the vile Americans</s> and the war against <t>Iraq</t> signifies a war against all Arabs and Muslims around the world, said Hamas senior official Abdul Aziz al-Rantissi.",1,1,Conflict:Attack
He now also advocates letting in <s>U.S. troops</s> for a war against <t>Iraq</t> even though it is a fellow Muslim state.,1,1,Conflict:Attack
"Saturday morning, American Marines and British troops rumbled along <t>the main road from the Kuwaiti border to Basra</t>, Highway 80, nicknamed the ``Highway of Death'' during the 1991 Gulf War, when <s>U.S</s>. airstrikes wiped out an Iraqi military convoy along it.",1,1,Conflict:Attack
"Saturday morning, American Marines and British troops rumbled along the main road from the Kuwaiti border to Basra, Highway 80, nicknamed the ``Highway of Death'' during the 1991 Gulf War, when <s>U.S</s>. airstrikes wiped out <t>an Iraqi military convoy</t> along it.",1,1,Conflict:Attack
"<s>Up to 20,000 protesters</s> thronged <t>the plazas and streets of San Francisco, where more than 1,600 people were arrested in the past two days in a civil disobedience campaign</t>.",1,1,Conflict:Demonstrate
"Mahathir's sacking of the charismatic and popular Anwar in September 1998 rocked Malaysian politics, with <s>thousands of people</s> taking to <t>the streets</t> to demonstrate their support for him.",1,1,Conflict:Demonstrate
the head of the iraqi democratic movement says <s>his group</s> will hold a demonstration in <t>nasiriyah</t> to denounce the presence of ahmad chalabi.,1,1,Conflict:Demonstrate
"<s>The crowd</s> filled <t>the street leading to the Kazimiya mosque in the northeast of Baghdad</t> and carried banners in the green color of Islam, calling for good government.",1,1,Conflict:Demonstrate
"<s>Several thousand demonstrators</s> also gathered outside <t>the White House in Washington</t>, accompanied by a major security presence.",1,1,Conflict:Demonstrate
"<s>Protesters</s> also gathered in their thousands in Halifax, Calgary, Edmonton and <t>Vancouver</t>.",1,1,Conflict:Demonstrate
"<s>Protesters</s> also gathered in their thousands in Halifax, <t>Calgary</t>, Edmonton and Vancouver.",1,1,Conflict:Demonstrate
"<s>Protesters</s> also gathered in their thousands in Halifax, Calgary, <t>Edmonton</t> and Vancouver.",1,1,Conflict:Demonstrate
"<s>Protesters</s> also gathered in their thousands in <t>Halifax</t>, Calgary, Edmonton and Vancouver.",1,1,Conflict:Demonstrate
The protest follows a string of others involving <s>tens of thousands of peace activists across <t>Japan</t></s> since January.,1,0,Conflict:Demonstrate
"<s>Between 2,500 and 3,000 people</s> picketed <t>the CNN studios in Los Angeles</t> while others at the Atlanta headquarters protested the cable network's coverage of the war for being biased toward the United States.",1,1,Conflict:Demonstrate
"Between 2,500 and 3,000 people picketed the CNN studios in Los Angeles while <s>others at <t>the Atlanta headquarters</t></s> protested the cable network's coverage of the war for being biased toward the United States.",1,1,Conflict:Demonstrate
a senior kurdish intelligence official says <s>citizens</s> were protesting the american occupation of <t>the city</t>'s main government building.,1,1,Conflict:Demonstrate
"In <t>Los Angeles</t>, <s>the International Black Coalition for Peace and Justice</s> is sponsoring a rally for peace today.",1,0,Conflict:Demonstrate
"Some 70 people were arrested Saturday as demonstrators clashed with police at the end of a major peace rally here, as <s>at least 200,000 anti-war protesters</s> took to <t>the streets</t> across the United States and Canada.",1,1,Conflict:Demonstrate
"For the most part the marches went off peacefully, but in <t>New York</t> a small group of <s>protesters</s> were arrested after they refused to go home at the end of their rally, police sources said.",1,1,Conflict:Demonstrate
<s>Liana Owen</s> drove 10 hours from Pennsylvania to attend the rally in <t>Manhattan</t> with her parents.,1,0,Conflict:Demonstrate
Liana Owen drove 10 hours from Pennsylvania to attend the rally in <t>Manhattan</t> with <s>her parents</s>.,1,0,Conflict:Demonstrate
"<s>Hundreds of thousands of demonstrators</s> took to <t>the streets in Britain, Spain and Italy, whose governments approved of the war</t>.",1,0,Conflict:Demonstrate
"``I don't know whether he survived,'' <s>U.S President George W. Bush</s> said of Saddam at a joint news conference with <t>British Prime Minister Tony Blair</t>.",0,0,Contact:Meet
<s>Blair</s> and <t>Bush</t> were to hold a joint press conference at 1600 GMT Thursday.,0,0,Contact:Meet
"<s>North Korea</s> on Sunday rejected <t>the U.N. Security Council</t>'s plan to discuss the standoff over its suspected nuclear weapons development, calling it ``a prelude to war.''",1,1,Contact:Meet
"<s>The Security Council</s> is scheduled to discuss <t>North Korea</t>'s nuclear program on Wednesday, and Pyongyang has said that any sanctions imposed on it will be tantamount to war.",0,1,Contact:Meet
"at a white house gathering of <s>aids activists and lawmakers from around the world</s>, <t>the president</t> said hir plan could prevent 7 million new hiv infections -- and treat at least 2 million people over the next decade.",0,0,Contact:Meet
<s>Secretary of State Colin Powell</s> goes to <t>the U.N</t>. tomorrow to do what he can.,0,0,Contact:Meet
A <t>U.S</t>.-sponsored forum that brought <s>Iraqi opposition leaders</s> together to shape the country's postwar government began Tuesday with a <t>U.S</t>. promise not to rule Iraq and concluded with an agreement to meet again in 10 days.,0,0,Contact:Meet
"Discussions were scheduled to end Friday, when <t>Kelly</t> was to fly to Seoul the same day to meet with <s>South Korean officials</s>.",0,0,Contact:Meet
<s>Representatives of those countries</s> will meet with British officials May 7 and <t>Polish officials</t> May 22 to determine what forces each country will contribute and whether they will be put under British or Polish command.,0,0,Contact:Meet
<s>Representatives of those countries</s> will meet with <t>British officials</t> May 7 and Polish officials May 22 to determine what forces each country will contribute and whether they will be put under British or Polish command.,0,0,Contact:Meet
"In response the spate of bombings, Israel threatened to boycott <t>foreign envoys</t> who meet with <s>Yasser Arafat</s>.",0,1,Contact:Meet
"``<s>Whoever wants to visit Arafat</s> can visit Arafat but he won't be allowed to meet <t>senior Israeli officials</t>,'' said a senior Sharon adviser, Raanan Gissin.",0,1,Contact:Meet
"Remember to stress that Marcella can either meet with <s>the execs</s> or <t>the whole group</t> (whatever works best), that she will be talking briefly, and that she will be there because she wants to learn about that group's concerns and issues at A&M.",0,0,Contact:Meet
"And, as we listened to John King's report, we can tell you that President Bush has just -- his plane has just landed at Andrews Air Force Base, just close to the Washington area, <t>the president</t> having flown back to the United States from that meeting in Northern Ireland in Belfast with <s>the British prime minister</s>, Tony Blair.",0,0,Contact:Meet
"Has the situation improved, especially in the aftermath now of <s>the secretary of state</s>'s meeting with <t>Bashar al-Asad</t>?",0,0,Contact:Meet
"instead, during a meeting that lasted only minutes, <s>team owner</s> told <t>jordan</t> his services were no longer necessary.",0,1,Contact:Meet
thelma gutierrez telling the story of <s>the kramers</s> meeting <t>kramer</t>.,0,0,Contact:Meet
"reporter: there are some suggestions after the viz it yesterday of <s>colin powell</s> meeting with <t>ariel sharon</t>, palestinian prime minister abbas said more progress may be made on implementation of the u.s. administration's road map to peace.",0,0,Contact:Meet
"Managing director Toyoda, 46, grandson of Kiichiro Toyoda and the eldest son of Toyota honorary chairman Shoichiro Toyoda, will become one of <s>14 senior managing directors under a streamlined management system set to be introduced after a <t>shareholders</t>' meeting in June</s>, the company said in a statement.",0,0,Contact:Meet
"Beside meeting with <t>Annan</t>, <s>Al-Douri</s> spent several hours during the late morning and afternoon meeting with ambassadors and diplomats in the Delegate's Lounge.",0,0,Contact:Meet
Indonesia's Foreign Ministry spokesman Marty Natalegawa says <t>Megawati</t>'s meeting with <s>Russian President Putin</s> slated for April 21 will touch on the Iraq crisis.,0,0,Contact:Meet
<t>Pasko</t> was sentenced to four years in prison in December 2001 for illegally attending a meeting of <s>top military commanders</s> and taking notes there.,0,1,Contact:Meet
"France's U.N. ambassador, <s>Jean-Marc de La Sabliere</s>, made the proposal at a Security Council meeting where <t>members</t> heard a briefing by chief U.N. weapons inspector Hans Blix and for the first time exchanged views on potentially divisive postwar issues.",0,0,Contact:Meet
"France's U.N. ambassador, <s>Jean-Marc de La Sabliere</s>, made the proposal at a Security Council meeting where members heard a briefing by <t>chief U.N. weapons inspector Hans Blix</t> and for the first time exchanged views on potentially divisive postwar issues.",0,0,Contact:Meet
"<s>The new Palestinian prime minister</s>, Mahmoud Abbas, has denounced violence against Israelis, but also told <t>Sharon</t> in a weekend meeting, the first Israeli-Palestinian summit in three years, that he wants to persuade the militants to stop attacks, rather than disarm them by force.",0,0,Contact:Meet
"<s>Hariri</s> submitted his resignation during a 10-minute meeting with <t>the head of state</t> at the Baabda presidential palace, outside the capital.",0,1,Contact:Meet
The meeting was <s>Shalom</s>'s first encounter with <t>an Arab counterpart</t> since he took office as Israel's foreign minister on February 27.,0,0,Contact:Meet
"``We demand that the Security Council and the world decide on ... the lifting of sanctions on Iraq in a comprehensive and complete way,'' said a spokesman for a meeting Saturday of <s>Saddam</s> and <t>top-level officials</t>, quoted by official Iraqi news media.",0,0,Contact:Meet
"The Iraqi government released a video of Saddam, in uniform, meeting with his son Qusai, <t>the commander of the Republican Guard</t>, and <s>the defense minister</s>, Gen. Sultan Hashim Ahmad.",0,0,Contact:Meet
that some of what <s>the prime minister</s> and <t>president</t> shared with reporters at news conference following their meetings.,0,0,Contact:Meet
"In a renewed mediation attempt, <s>Egyptian envoys</s> have been holding meetings in Gaza and Damascus in recent days with <t>leaders of the militant groups</t>.",0,0,Contact:Meet
"In meetings with <s>South Korean officials</s>, <t>Wolfowitz</t> urged them to increase military spending on new technologies and telecommunications equipment, as U.S. forces have done.",0,0,Contact:Meet
"So I went and volunteered for him and everything, and -- and I met <s>Hillary</s>, and and Tipper and <t>Al</t>, and and I almost got to meet him.",0,0,Contact:Meet
"So I went and volunteered for him and everything, and -- and I met <s>Hillary</s>, and and <t>Tipper</t> and Al, and and I almost got to meet him.",0,0,Contact:Meet
"So I went and volunteered for him and everything, and -- and I met Hillary, and and <t>Tipper</t> and <s>Al</s>, and and I almost got to meet him.",0,0,Contact:Meet
<s>Jones</s> met with <t>Defense Minister Paulo Portas</t> on Tuesday and will meet Foreign Minister Antonio Martins da Cruz before leaving Portugal Wednesday.,0,0,Contact:Meet
"During their visit to Pyongyang, <s>Weldon's delegation</s> also met <t>Choe Thae Bok</t>, chairman of North Korea's legislature, the Supreme People's Assembly.",0,0,Contact:Meet
"<s>Jordan</s> met with <t>the Sixers</t> on Sunday, according to a person close to the situation.",0,0,Contact:Meet
<s>Officials from Iraqi groups</s> that met with <t>Bremer</t> last week have said that he back peddled on what they said were earlier pledges to give them a lead role in forming a new interim government in the next few weeks.,0,1,Contact:Meet
Negotiations between <s>Washington</s> and <t>Pyongyang</t> on their nuclear dispute have been set for April 23 in Bejing and are widely seen here as a blow to Moscow efforts to stamp authority on the region by organizing such a meeting.,0,0,Contact:Meet
"I'm reading ESPN this morning when I stumbled across the story where <s>Kobe Bryant</s> said he'd like to sit down with <t>Shaq</t> and apologize to him for ""involving him in my troubles.""",0,0,Contact:Meet
"this is the third time in as many weeks that <t>president bush</t> and <s>prime minister blair</s> will be sitting down to review station, war strategy, as they go forward together.",0,0,Contact:Meet
"Just now, we want to show you scenes from Andrews Air Force Base just moments ago, <t>President Bush</t> returning to the United States from his summit in Northern Ireland in Belfast with <s>British Prime Minister Tony Blair</s>, the president back on American soil after a quick two-day trip, less than two-day trip to Belfast, he and the prime minister discussing, of course, the war in Iraq, what happens after, as well as the peace process in the Middle East, and restarting the peace process in Northern Ireland.",0,0,Contact:Meet
"Also, <s>Portugal</s> hosted a last ditch pre-war summit in the Azores islands for <t>leaders of the United States, Britain and Spain</t>.",0,0,Contact:Meet
"<s>The new Palestinian prime minister</s>, Mahmoud Abbas, has denounced violence against Israelis, but also told <t>Sharon</t> in a weekend meeting _ the first Israeli-Palestinian summit in three years _ that he wants to persuade the militants to stop attacks, rather than disarm them by force.",0,0,Contact:Meet
"A summit between <s>Sharon</s> and <t>his Palestinian counterpart</t>, Mahmoud Abbas, had been planned for Wednesday but was postponed, according to Israeli and Palestinian officials, who blamed each other for the delay.",0,1,Contact:Meet
"During their first war summit on March 27 at Camp David, <s>Blair</s> and <t>Bush</t> became divided over what a role the United Nations will play in postwar Iraq, when <t>Bush</t> gave no positive reaction to <s>Blair</s> 's suggestion of a strong UN role.",0,1,Contact:Meet
"<t>Russian President Vladimir Putin</t>'s summit with <s>the leaders of Germany and France</s> may have been a failure that proves there can be no long-term ""peace camp"" alliance following the end of war in Iraq, government sources were quoted as saying at the weekend.",0,0,Contact:Meet
"<s>powell</s> is wrapping up a trip to southeast asia, he's due here in jerusalem tomorrow morning for talks with <t>the israeli prime minister</t> and the foreign minister.",0,0,Contact:Meet
"<s>powell</s> is wrapping up a trip to southeast asia, he's due here in jerusalem tomorrow morning for talks with the israeli prime minister and <t>the foreign minister</t>.",0,0,Contact:Meet
"For months, <s>North Korea</s> has insisted on direct talks with <t>the United States</t> to negotiate a nonaggression treaty.",1,0,Contact:Meet
<t>Seoul</t> had hoped to use the three-day talks to try to persuade <s>its communist neighbor</s> to scrap its suspected nuclear program in return for aid and better relations with the outside world.,0,1,Contact:Meet
<s>North Korea</s> called off two working-level talks with <t>South Korea</t> last month.,1,1,Contact:Meet
"Talks between <s>North Korea</s>, <t>the United States</t> and China ended Thursday with U.S. State Department officials saying it was uncertain whether discussions on Pyongyang's nuclear program would continue.",0,0,Contact:Meet
"Talks between <s>North Korea</s>, the United States and <t>China</t> ended Thursday with U.S. State Department officials saying it was uncertain whether discussions on Pyongyang's nuclear program would continue.",0,0,Contact:Meet
"Talks between North Korea, <s>the United States</s> and <t>China</t> ended Thursday with U.S. State Department officials saying it was uncertain whether discussions on Pyongyang's nuclear program would continue.",0,0,Contact:Meet
Meanwhile <s>Blair</s> arrived in Washington late Wednesday for two days of talks with <t>Bush</t> at the Camp David presidential retreat.,0,0,Contact:Meet
"We are studying that plan, we are examining it with our friends and allies, <s>Powell</s> said, adding that talks were now underway with <t>the South Korean, Japanese, Russian and Australian as well as other governments</t>.",0,0,Contact:Meet
"Rodong called for a ""fair and equal"" footing in talks with the United States, blasting <s>Washington</s> for insisting that there would be ""no security of the system nor provision of rewards"" even if <t>Pyongyang</t> gave up its nuclear program.",1,1,Contact:Meet
Afterwards <s>Shalom</s> was to fly on to London for talks with <t>British Prime Minister Tony Blair</t> and Foreign Secretary Jack Straw.,0,0,Contact:Meet
Afterwards <s>Shalom</s> was to fly on to London for talks with British Prime Minister Tony Blair and <t>Foreign Secretary Jack Straw</t>.,0,0,Contact:Meet
"``<s>Whoever wants to visit Arafat</s> can visit <t>Arafat</t> but he won't be allowed to meet senior Israeli officials,'' said a senior Sharon adviser, Raanan Gissin.",0,0,Contact:Meet
<s>Putin</s> last visited <t>Bush</t> at his Texas ranch in November 2001.,0,0,Contact:Meet
then <t>the baby's mother</t> made a frantic call to <s>the police</s>.,0,0,Contact:Phone-Write
reporter: then <s>the baby's mother</s> made a frantic call to <t>police</t>.,0,1,Contact:Phone-Write
during a brief phone call with <t>their son</t> from kuwait on surngd the arm asked <s>the young family</s> not to get into any specific details about what happened during <t>their son</t>'s capture and release.,0,0,Contact:Phone-Write
"he got on a flight to an undisclosed location, when <s>jamie</s> got a second phone call from <t>a flight attendant</t>.",0,0,Contact:Phone-Write
<s>French President Jacques Chirac</s> received only a reserved response when he tried to mend fences by placing a telephone call Tuesday to <t>Bush</t>.,0,1,Contact:Phone-Write
"U.S. Attorney Todd Graves said <s>Montgomery</s> contacted <t>Stinnett</t> through an online message board, and authorities zeroed in on her using computer forensics.",0,1,Contact:Phone-Write
"<s>U.S. Defense Secretary Donald H. Rumsfeld</s> discussed the resolution with Prime Minister Tony Blair and <t>Defense Secretary Geoff Hoon</t> on Friday as Rumsfeld returned from a tour of Iraq, Afghanistan and the Persian Gulf region.",0,0,Contact:Phone-Write
"<s>U.S. Defense Secretary Donald H. Rumsfeld</s> discussed the resolution with <t>Prime Minister Tony Blair</t> and Defense Secretary Geoff Hoon on Friday as Rumsfeld returned from a tour of Iraq, Afghanistan and the Persian Gulf region.",0,0,Contact:Phone-Write
"On Monday, <s>Chretien</s> told reporters that he and <t>Bush</t>, who had not spoken since late February, discussed a wide range of issues, including Iraq, the upcoming summit of the Group of Eight industrial powers and aid to Africa.",0,0,Contact:Phone-Write
"In a letter to <t>U.N. Secretary-General Kofi Annan</t>, <s>Ramadan</s> said, ``It is also regrettable and deplorable that the (U.N.) General Secretariat has not issued any statement or reaction that condemns or deplores this aggression.''",1,1,Contact:Phone-Write
<s>Her second-graders</s> were very interested in sending some letters out to <t>the troops</t>.,0,0,Contact:Phone-Write
"cnn has learned <s>osama bin laden</s> sent a private letter to <t>his followers</t> in february, ordering them to attack the u.s. and its allies.",1,1,Contact:Phone-Write
"cnn learned <s>the al qaeda leader</s> sent personal letters to <t>key operatives</t> in february, ordering them to attack the united states and its allies.",1,1,Contact:Phone-Write
"<t>US President George W. Bush</t> told <s>Canadian Prime Minister Jean Chretien</s> by telephone Monday that he looked forward to seeing him at the upcoming summit of major industrialized nations and Russia, the White House said Tuesday.",0,0,Contact:Phone-Write
"<s>The Pakistani supreme court</s> last year aquitted <t>Ayub Masih, who had denied uttering any word against Islam or the Prophet Mohammad</t>.",0,0,Justice:Acquit
"House clearance Royal Marine style, <s>troops from (UNINTELLIGIBLE) commando</s> task to seek out the last pockets of Iraqi resistance in Umm Qasr go in hard to arrest <t>suspected regime sympathizers</t> and search for weapons.",1,1,Justice:Arrest-Jail
<t>a man with a pistol</t> was arrested outside of the courthouse and <s>police</s> say he admits planning the bombs.,1,1,Justice:Arrest-Jail
"<s>Marines</s> broke it up, over the protests of Iraqis not involved in the robbery, and <t>the thieves</t> were arrested.",1,0,Justice:Arrest-Jail
The <t>drunk</t> was acquitted on the technicality that he wasn't on a public road when <s>the cop</s> arrested him.,1,1,Justice:Arrest-Jail
"From the Associated Press : A baby girl who had been cut out of her mother's womb was found after a frantic search, and <s>authorities</s> arrested <t>the woman they say strangled the mother and stole the child</t>.",1,1,Justice:Arrest-Jail
"<s>Israeli forces</s> moved into Hebron's Al-Sheikh district where his family lived and arrested <t>Qawasmi's brother and father</t> after the bombing, they said.",1,1,Justice:Arrest-Jail
<s>Police</s> have arrested <t>four people</t> in connection with the killings.,1,1,Justice:Arrest-Jail
"<s>Police</s> arrested her in <t>Abilene, Texas</t>, Saturday where she had moved with a friend June 2.",1,1,Justice:Arrest-Jail
"Earlier this week, <s>security police</s> detained <t>the Monitor's managing editor</t>, Nhial Bol, for 24 hours.",1,1,Justice:Arrest-Jail
"Northshore Management, <t>the hedge fund firm accused of stealing millions of dollars in client funds</t>, is now facing actual <s>SEC</s> action .",1,1,Justice:Charge-Indict
<s>Seven prosecutors</s> read in turn the indictment against <t>Ba'asyir</t> at the makeshift court room in the Meteorology and Geophysics Agency's office in Central Jakarta.,1,1,Justice:Charge-Indict
"<s>The court</s> also dismissed a joint appeal by Anwar's adopted brother, <t>Sukma Darmawan</t>, who was convicted together with Anwar for sodomy in August 2000 and sentenced to six years in jail and whipping.",1,1,Justice:Convict
"In December 2001, <s>a Manhattan jury</s> convicted <t>Sotheby's main shareholder and former chairman Alfred Taubman</t> of entering into a price-fixing agreement with Christie's.",1,1,Justice:Convict
"Faisalabad's Catholic Bishop John Joseph, who had been campaigning against the law, shot himself in the head outside a court in Sahiwal district when <s>the judge</s> convicted <t>Christian Ayub Masih</t> under the law in 1998.",1,1,Justice:Convict
"<s>A state security court</s> suspended <t>a newspaper</t> critical of the government Saturday after convicting it of publishing religiously inflammatory material, the newspaper's lawyer said.",1,1,Justice:Convict
"<s>Saddam Hussein</s> controlled <t>Iraq</t> through fear, torture and execution.",1,1,Justice:Execute
taken into custody and he's currently at <s>atlanta police department headquarters</s> pending extradition back to <t>the state of louisiana</t>.,1,1,Justice:Extradite
"Under terms of the agreement, to be submitted as early as Monday to <s>a judge presiding over the case</s>, <t>MCI</t> would agree to pay the largest fine imposed so far by the SEC on a company that is not a broker-dealer, the Journal said, citing sources close to the matter.",1,0,Justice:Fine
"Under terms of the agreement, to be submitted as early as Monday to a judge presiding over the case, <t>MCI</t> would agree to pay the largest fine imposed so far by <s>the SEC</s> on a company that is not a broker-dealer, the Journal said, citing sources close to the matter.",1,0,Justice:Fine
"Last month, <s>the SEC</s> slapped fines totaling 1.4 billion dollars on <t>10 Wall Street brokerages</t> to settle charges of conflicts of interest between analysts and investors.",1,1,Justice:Fine
"But after spending 40 days in prison, <s>Jordan's King Abdullah II</s> pardoned <t>the former legislator known for her harsh criticism of the state</t>.",0,0,Justice:Pardon
"<s>negotiators</s> say he demanded the release of four prisoners, including <t>ramzi binalshibh</t>, a september 11th suspect apprehended last year in pakistan.",0,0,Justice:Release-Parole
In 2002 <s>a jury</s> sentenced <t>Yates</t> to life in prison for the deaths of three of her children.,1,1,Justice:Sentence
"<s>EasyCinema founder Stelios Haji-Ioannou, who set up easyJet in 1995 and built it up into Europe's biggest budget airline</s>, has vowed to take legal action against <t>the distribution firms</t> unless they allow him access.",1,1,Justice:Sue
"<s>Bankrupt energy giant Enron Corp</s> is considering bringing legal action against <t>its own bankers</t> for giving bad financial advice that helped lead to its downfall, the Wall Street Journal reported Wednesday.",1,1,Justice:Sue
"<t>The pair</t> were ordered to pay $871.70 plus $39 in court costs after <s>neighbor Wanita Renea Young</s>, 49, filed a lawsuit complaining that the unsolicited cookies, left at her house after the girls knocked on her door, had triggered an anxiety attack that sent her to the hospital the next day.",1,1,Justice:Sue
"as bob pointed out, the next battle ground is a bill to block lawsuits by victims of gun violence or <s>families against <t>gunmakers</t> and dealers</s>.",1,1,Justice:Sue
"as bob pointed out, the next battle ground is a bill to block lawsuits by victims of gun violence or <s>families against gunmakers and <t>dealers</t></s>.",1,1,Justice:Sue
"as bob pointed out, the next battle ground is a bill to block lawsuits by <s>victims of gun violence</s> or families against <t>gunmakers</t> and dealers.",1,1,Justice:Sue
"as bob pointed out, the next battle ground is a bill to block lawsuits by <s>victims of gun violence</s> or families against gunmakers and <t>dealers</t>.",1,1,Justice:Sue
<s>Anne-Marie</s> sued <t>Crichton</t> for divorce in September after their marriage broke down.,1,1,Justice:Sue
"Now that Enron has ceased to exist, <s>Bechtel</s> and GE are suing <t>the Indian Government</t> for 5.6 billion US dollars.",1,1,Justice:Sue
"Now that Enron has ceased to exist, Bechtel and <s>GE</s> are suing <t>the Indian Government</t> for 5.6 billion US dollars.",1,1,Justice:Sue
"Washington, DC- The <s>Bechtel</s> Corporation was handed a powerful victory last week, when a secretive trade court announced that it would not allow the public or media to participate in or even witness proceedings in which <s>Bechtel</s> is suing <t>the people of Bolivia</t>.",1,1,Justice:Sue
u.s. officials believe <s>zarqawi</s> planned the assassination of u.s. diplomat lawrence foley in <t>jordan</t> last october.,1,1,Life:Die
u.s. officials believe <s>zarqawi</s> planned the assassination of <t>u.s. diplomat lawrence foley</t> in jordan last october.,1,1,Life:Die
What I do know is <s>Saddam Hussein</s> has butchered <t>over a million of his own citizens</t>.,1,1,Life:Die
"<s>those who share responsibility for <t>my husband</t>'s death</s> must also be held accountable.""",1,1,Life:Die
<s>nichols</s> is serving a life term for his federal manslaughter and conspiracy convictions stemming from the deaths of <t>eight federal employees</t> in the 1995 blast.,1,1,Life:Die
In 2002 a jury sentenced <s>Yates</s> to life in prison for the deaths of <t>three of her children</t>.,1,1,Life:Die
"This was perhaps due to the transformation of <s>Tanzim</s> into an organization more resembling militant groups like Hamas and Islamic Jihad, responsible for dozens of <t>civilian</t> deaths in drive-by shootings.",1,1,Life:Die
it took <t>the child</t> three weeks to die in the hot from -- hospital from the injuries it suffered at the hands of <s>its mother</s> and she's free.,1,1,Life:Die
"In central Baghdad, a Reuters cameraman and <t>a cameraman for Spain's Telecinco</t> died when an <s>American</s> tank fired on the Palestine Hotel.",1,1,Life:Die
"Yates, in case you have forgotten, is <s>the women from Texas</s> who heinously drowned <t>her five kids, aged 6 months to 7 years</t>, one by one, in her bathtub.",1,1,Life:Die
"He's- I mean, like, you know, let's- i- -- for- for all he did in his later years, eh, <s>Yasser Arafat</s> was responsible for -- a good chunk of al- you know, a lot of -- <t>Israeli</t> dying -- i- you know.",1,1,Life:Die
"It was believed Naotia was a practicing sorcerer and through his black magic he had cast evil spells on villagers, prompting <s>a group within <t>the village</t></s> to eliminate them, the spokesman said.",1,1,Life:Die
"Earlier, from 1979 to 1983, he headed <s>Iraq's Mukhabarat</s>, or intelligence service, a period when the organization arranged executions of <t>regime opponents in Iraq and overseas</t>, the official said.",1,1,Life:Die
The extermination of <t>kosovar albanians</t> by <s>native serbs</s>?,1,1,Life:Die
<s>11 members</s> had been charged with negligent homicide for forcing <t>18-year-old pledge walter dean jenning</t> to drink an excessive amount of water.,1,1,Life:Die
(voice-over): <t>Famed World War II reporter Ernie Pyle</t> was killed by <s>a sniper</s> on an island in the Pacific.,1,1,Life:Die
(voice-over): Famed World War II reporter Ernie Pyle was killed by <s>a sniper</s> on <t>an island in the Pacific</t>.,1,1,Life:Die
<t>ABC News producer David Kaplan</t> was killed by <s>sniper</s> fire in the Balkans in 1992.,1,1,Life:Die
ABC News producer David Kaplan was killed by <s>sniper</s> fire in <t>the Balkans</t> in 1992.,1,1,Life:Die
a month of bloodleting between <s>rival tribes</s> has already killed <t>500 people</t>.,1,1,Life:Die
"Israel ``will continue to fight terror everywhere, at any time and in any way possible,'' a Cabinet statement said Sunday, after <s>a Hamas suicide bomber</s> killed <t>seven Israelis</t> on a Jerusalem bus earlier in the day.",1,1,Life:Die
"Israel ``will continue to fight terror everywhere, at any time and in any way possible,'' a Cabinet statement said Sunday, after <s>a Hamas suicide bomber</s> killed seven Israelis on a <t>Jerusalem</t> bus earlier in the day.",1,1,Life:Die
And who wasn't moved by the embrace of mother of a soldier killed in Iraq and the daughter of <t>a man</t> killed by <s>Saddam Hussein's regime</s>?,1,0,Life:Die
And who wasn't moved by the embrace of mother of a soldier killed in <t>Iraq</t> and the daughter of a man killed by <s>Saddam Hussein's regime</s>?,1,0,Life:Die
"<s>The Apache troop</s> opened its tank guns, opened its own mortars, decimated that unit, put it out of existence and probably killed <t>some 20 Iraqis</t> in the process.",1,1,Life:Die
"<t>Mrs. Hassan</t> speak s perfect Arabic and she has a heart of gold, she's been killed by (<s>men in pajamas</s>), turn Iraq upside down and find them.",1,1,Life:Die
<s>a texas woman</s> is in jail this morning accused of killing <t>her two sons</t> and severely beating another the day before mother's day.,1,1,Life:Die
<s>a <t>texas</t> woman</s> is in jail this morning accused of killing her two sons and severely beating another the day before mother's day.,1,1,Life:Die
it was the same courtroom where <s>a suspected al qaeda militant</s> got a death sentence last week for killing <t>three american missionaries</t>.,1,1,Life:Die
"<s>serious</s> was serving a 30-year sentence for the self-confessed 1992 killing of his wife in <t>clinton, maryland</t>, but after a relentless campaign that included a letter from his psychiatrist saying <s>serious</s> was unlikely to commit such violence again, the judge in this case, got him released.",1,0,Life:Die
"<s>serious</s> was serving a 30-year sentence for the self-confessed 1992 killing of <t>his wife</t> in clinton, maryland, but after a relentless campaign that included a letter from his psychiatrist saying <s>serious</s> was unlikely to commit such violence again, the judge in this case, got him released.",1,1,Life:Die
"they have many many worse crimes going on in California, <s>parents</s> killing <t>their children</t> and everything, that you would think -- would would, um -- you know, be",1,1,Life:Die
"The latest wave of attacks began Saturday evening when <s>a Hamas bomber</s> blew himself up in a square in the West Bank city of Hebron, killing <t>an Israeli settler and his pregnant wife</t>.",1,1,Life:Die
"The latest wave of attacks began Saturday evening when <s>a Hamas bomber</s> blew himself up in <t>a square in the West Bank city of Hebron</t>, killing an Israeli settler and his pregnant wife.",1,1,Life:Die
"On Sunday morning, another Hamas assailant blew up the Jerusalem bus and about half an hour later, <s>a third bomber from the group</s> detonated explosives on <t>the outskirts of Jerusalem</t>, killing only himself.",1,1,Life:Die
"In the January attack, <s>two Palestinian suicide bombers</s> blew themselves up in <t>central Tel Aviv</t>, killing 23 other people.",1,1,Life:Die
"In the January attack, <s>two Palestinian suicide bombers</s> blew themselves up in central Tel Aviv, killing <t>23 other people</t>.",1,1,Life:Die
You don't know what happens when <s>the most powerful nation on Earth</s> invades and occupies a Muslim nation and kills <t>tens of thousands of people</t>.,1,1,Life:Die
You don't know what happens when <s>the most powerful nation on Earth</s> invades and occupies <t>a Muslim nation</t> and kills tens of thousands of people.,1,1,Life:Die
<s>peterson</s> was arrested for the murder of <t>his wife and unborn son</t> after their bodies washed ashore in california.,1,1,Life:Die
Pearl was murdered by <s>terrorists</s> in <t>Pakistan</t>.,1,1,Life:Die
<t>Pearl</t> was murdered by <s>terrorists</s> in Pakistan.,1,1,Life:Die
"There has always been that urban legend that <s>the Israeli secret police</s> murdered <t>the Shah of Iran</t> by infecting him with plutonium, which manifested itself into terminal lung cancer.",1,1,Life:Die
"South Africa's Supreme Court of Appeal ruled Tuesday against a state request to retry <s>the head of apartheid's germ warfare program</s>, once accused of plotting to poison <t>Nelson Mandela</t>.",1,1,Life:Die
"reporter: it was the lead story across connecticut in early april, police say <s>jennifer o'conner</s>, a connecticut woman with a history of psychiatric problems confessed to shooting <t>her daughter</t> 7, while the 7 -year-old girl lay sleeping.",1,1,Life:Die
police in <t>pennsylvania</t> <s>a student</s> fatally shot a principal before killing himself this morning.,1,1,Life:Die
police in pennsylvania <s>a student</s> fatally shot <t>a principal</t> before killing himself this morning.,1,1,Life:Die
"Tell that to the family of <t>Margaret Hassan</t>, the school teacher who was brutally tortured and then slaughtered by <s>these same guys</s>, they ain't so bad are they Chris Matthews?",1,1,Life:Die
"One such activist is <s>Mao Hengfeng</s>, who was dismissed in 1988 from her job at <t>a Shanghai soap factory</t> after becoming pregnant a second time.",0,1,Personnel:End-Position
"Vivendi, in a statement, said that <s>Diller</s> had, ""in full agreement with Vivendi Universal,"" announced that he was ""ending his temporary assignment as CEO of <t>Vivendi Universal Entertainment</t>.""",0,0,Personnel:End-Position
"<s>The dictator</s> Suharto has fallen, the constitution has changed, the media was unshackled, democratic elections held, and <t>East Timor</t> freed.",0,0,Personnel:End-Position
stewart and <s>former <t>imclone</t> ceo sam waksal</s> shared a broker who now also faces charges of obstruction of justice and perjury.,0,1,Personnel:End-Position
"last night, <s>former <t>general electric</t> ceo jack welch</s> talked to paula zahn about this issue of corporate greed.",0,0,Personnel:End-Position
"As well as previously holding senior positions at Barclays Bank, BZW and Kleinwort Benson, <s>McCarthy</s> was formerly a top civil servant at <t>the Department of Trade and Industry</t>.",0,0,Personnel:End-Position
"<s>Tvrdik, who took over the defense ministry in May 2001</s>, also announced that he would quit his post in the parliament and give up his position in <t>the ruling party</t> Social Democrats.",0,0,Personnel:End-Position
"<t>Both companies</t> have been penalized for these actions and have continued to restructure operations, sell assets, and layoff <s>employees</s>.",0,1,Personnel:End-Position
"<s>the lady at <t>the pentagon</t></s> saying she was leaving, saying it had been an honor serving her post but she's leaving for personal reasons.",0,0,Personnel:End-Position
"<s>frank keating</s> leaving <t>a commission set up to look into allegations of sex abuse in the catholic church</t>, he decided to quit after he made comments comparing uncooperative church bishops to la cosa nosta, other folks, ari fleischer.",0,1,Personnel:End-Position
CNN's Richard Roth has more on <s>this once prominent frontman for <t>the Iraqi regime</t></s>.,0,1,Personnel:End-Position
"<s>carty</s> is out as ceo of <t>amr</t>, the parent of american, the world's largest airline.",0,1,Personnel:End-Position
"As well as previously holding senior positions at Barclays Bank, BZW and <t>Kleinwort Benson</t>, <s>McCarthy</s> was formerly a top civil servant at the Department of Trade and Industry.",0,0,Personnel:End-Position
"As well as previously holding senior positions at Barclays Bank, <t>BZW</t> and Kleinwort Benson, <s>McCarthy</s> was formerly a top civil servant at the Department of Trade and Industry.",0,0,Personnel:End-Position
"As well as previously holding senior positions at <t>Barclays Bank</t>, BZW and Kleinwort Benson, <s>McCarthy</s> was formerly a top civil servant at the Department of Trade and Industry.",0,0,Personnel:End-Position
"<s>Tvrdik, who took over the defense ministry in May 2001</s>, also announced that he would quit his post in <t>the parliament</t> and give up his position in the ruling party Social Democrats.",0,0,Personnel:End-Position
"<s>Media tycoon Barry Diller</s> on Wednesday quit as chief of <t>Vivendi Universal Entertainment</t>, the entertainment unit of French giant Vivendi Universal whose future appears up for grabs.",0,0,Personnel:End-Position
"North Korea said it was developing its nuclear weapons as ``a response to what they saw happened in <t>Iraq</t>, with the U.S. removing <s>Saddam Hussein</s> from power,'' Weldon said.",0,1,Personnel:End-Position
"<s>the chief executive of <t>the world's largest airline</t></s> has resigned, not a com plately unexpected move because several board member his talked about wanting him to leave.",0,1,Personnel:End-Position
"through multinational middlemen, <s>de Lozada</s> resigned and fled <t>the country</t> on October 17, 2003.",0,1,Personnel:End-Position
today <s>the judge in the case</s> retired <t>prince georges county circuit court</t> judge issued a statement to the news media.,0,0,Personnel:End-Position
"<s>The popular player</s>, known for his temperament and the words ``No Regret'' tattooed across his chest, retired from <t>Denmark's national team</t> after it was knocked out in the second round of the 2002 World Cup.",0,0,Personnel:End-Position
"Well, John, given all that you've said, we know that there's <s>an <t>American</t> retired general</s> waiting in Kuwait.",0,0,Personnel:End-Position
Earlier documents in the case have included embarrassing details about perks <s>Welch</s> received as part of his retirement package from <t>GE</t> at a time when corporate scandals were sparking outrage.,0,1,Personnel:End-Position
"It seems that <s>AD and frequent ""No we didn't"" <t>Ohio State</t> front man Andy Geiger</s> is ""retiring"" after 11 years at the helm.",0,0,Personnel:End-Position
"Former senior banker Callum McCarthy begins what is one of the most important jobs in <t>London</t>'s financial world in September, when <s>incumbent Howard Davies</s> steps down.",0,0,Personnel:End-Position
<s>Milosevic</s> and his wife wielded enormous power in <t>Yugoslavia</t> for more than a decade before he was swept out of power after a popular revolt in October 2000.,0,1,Personnel:End-Position
<t>nbc</t> is terminating <s>freelancer reporter peter arnett</s> for statements he made to the iraqi media.,0,1,Personnel:End-Position
"In order to improve the epidemic control, <t>Secretary for Social Affairs and Culture Chui Sai On</t>, who has been named director of the SARS task force by <s>the government</s>, has designated representatives from the Health Services and the Center for Disease Prevention and Control to visit neighboring Guangdong Province on Thursday, to learn from Guangdong's experience and know-how in combating SARS, which have been acknowledged by WHO.",0,0,Personnel:Nominate
"But both men observed an uneasy truce over US concerns about <s>Russian</s> aid to the nuclear program of <t>Iran, whom Bush has labeled part of an ""axis of evil"" that also included Iraq and North Korea</t>.",0,1,Transaction:Transfer-Money
<t>Werkheiser</t>'s contributions come from <s>200 individuals</s>; Albo had 8 individual contributors.,0,0,Transaction:Transfer-Money
"unfortunately, those same charitable organizations, <s>those same charity committees that funnel the funds to <t>needier palestinians</t></s>, also serve to support terrorist attacks.",0,1,Transaction:Transfer-Money
"<s>Renowned UVA political scientist Larry Sabato</s> this morning announced a $1,000,000 cash gift to <t>the University of Virginia</t>.",0,0,Transaction:Transfer-Money
"Of course, it was discovered that <s>his men's basketball coach</s> had directly given six grand to <t>a Yugoslavian recruit</t>, but that was just his stipend for travel and coach Jim O'Brien was just having a problem with the currency exchange rates...right Andy?",0,0,Transaction:Transfer-Money
"What's notable in this debate, however, is that according to MSN Moneycentral , tobacco executives are attacking the tax by noting that ""While North Carolina's excise tax is only 5 cents, the total taxes given to <t>North Carolina</t> by <s>smokers</s> adds up to more than 61 cents per pack.""",0,0,Transaction:Transfer-Money
"It's irrelevant because the REAL question is whether <t>an active board member</t> can, while on the board, arrange to be given money by <s>the USCF</s>.",0,1,Transaction:Transfer-Money
"<t>the gloved one</t> claims <s>the label</s> has been releasing new albums and jackson five merchandise without giving him ""a single dollar.""",1,1,Transaction:Transfer-Money
Werkheiser's contributions come from 200 individuals; <t>Albo</t> had <s>8 individual contributors</s>.,0,0,Transaction:Transfer-Money
"<t>Russia</t> has accepted a US$150 million <s>World Bank</s> loan to combat the spread of AIDS and tuberculosis, ending a negotiating process that lasted four years, <s>World Bank</s> officials said Friday.",0,0,Transaction:Transfer-Money
"Bechtel Corporation took control of the water system of Cochabamba, Bolivia's third-largest city in 2000 under a privatization program dictated by <s>the IMF</s> as a stipulation for loan payments to <t>the bankrupt nation</t>.",0,1,Transaction:Transfer-Money
Why would <t>an NBC reporter</t> (who also reports on the U.N. for National Public Radio) take money from <s>the U.N. lobby</s>?,0,1,Transaction:Transfer-Money
<t>leung</t> was hired by <s>the fbi</s> and paid almost $2 million over 20 years to spy on the chinese.,0,1,Transaction:Transfer-Money
A Colorado judge ordered <s>two teen-age girls</s> to pay about $900 for the distress <t>a neighbor</t> said they caused by giving her home-made cookies adorned with paper hearts.,0,1,Transaction:Transfer-Money
"<s>The pair</s> were ordered to pay $871.70 plus $39 in <t>court</t> costs after neighbor Wanita Renea Young, 49, filed a lawsuit complaining that the unsolicited cookies, left at her house after the girls knocked on her door, had triggered an anxiety attack that sent her to the hospital the next day.",0,1,Transaction:Transfer-Money
"Okay, okay -- since <s>the tobacco companies</s> pay lots of money to <t>the states</t>, that's technically accurate.",0,0,Transaction:Transfer-Money
"<s>Best-selling novelist and ""Jurassic Park"" creator Michael Crichton</s> has agreed to pay <t>his fourth wife</t> 31 million dollars as part of their divorce settlement, court documents showed Friday.",0,0,Transaction:Transfer-Money
"Well, as much as they've poured into those coffers, it's much less than what the doctors, the malpractice insurers, the hospital chains and the HMOs and <s>the nursing home chains</s> have poured into <t>members of Congress</t>' coffers.",0,1,Transaction:Transfer-Money
"Well, as much as they've poured into those coffers, it's much less than what the doctors, the malpractice insurers, <s>the hospital chains</s> and the HMOs and the nursing home chains have poured into <t>members of Congress</t>' coffers.",0,1,Transaction:Transfer-Money
"Well, as much as they've poured into those coffers, it's much less than what the doctors, <s>the malpractice insurers</s>, the hospital chains and the HMOs and the nursing home chains have poured into <t>members of Congress</t>' coffers.",0,1,Transaction:Transfer-Money
"Well, as much as they've poured into those coffers, it's much less than what the doctors, the malpractice insurers, the hospital chains and <s>the HMOs</s> and the nursing home chains have poured into <t>members of Congress</t>' coffers.",0,1,Transaction:Transfer-Money
"Well, as much as they've poured into those coffers, it's much less than what <s>the doctors</s>, the malpractice insurers, the hospital chains and the HMOs and the nursing home chains have poured into <t>members of Congress</t>' coffers.",0,1,Transaction:Transfer-Money
"Liberal feminist organizations rushed to Yates' defense, most notably <s>the National Organization for Women</s>, which provided money for <t>her defense</t> fund and held candlelight vigils.",0,0,Transaction:Transfer-Money
The truth seems to me that the Israeli government got panicked when <s>Saddam</s> announced that he would reward <t>the families of Palestinian suicide bombers</t> with some 10 thousand dollars.,0,1,Transaction:Transfer-Money
"People familiar with Arafat's finances say <s>the Palestinian leader</s> sent <t>Suha</t> $200,000 a month out of the Palestinian Authority's budget for the Office of the President.",0,0,Transaction:Transfer-Money
"In August 2002 international donors forced <s>Arafat</s> to sign over his investments to <t>the Palestine Investment Fund</t>, which was audited by U.S. accountants and managed by Palestinian Finance Minister Salam Fayyad, a former International Monetary Fund official.",0,0,Transaction:Transfer-Money
"(Basically they are slush funds for <s>local politicians</s>, who too often sluice the federal money to <t>their developer friends</t> to build ugly downtown hotels.)",0,1,Transaction:Transfer-Money
Just <s>the folks</s> who support <t>his father-in-law</t> on the condition he support their road plans.,0,1,Transaction:Transfer-Money
"In a monstrous conflict of interest for <t>a supposed straight news reporter</t>, Fasulo acknowledges Ted Turner's U.N. Foundation and <s>Better World Campaign</s> for ""their generous financial support"" of her book project.",0,1,Transaction:Transfer-Money
"In a monstrous conflict of interest for <t>a supposed straight news reporter</t>, Fasulo acknowledges <s>Ted Turner's U.N. Foundation</s> and Better World Campaign for ""their generous financial support"" of her book project.",0,1,Transaction:Transfer-Money
Interesting aside: Starbucks is taking over the location in <t>my town</t> that was recently abandoned by <s>Krispy Kreme</s>.,0,1,Transaction:Transfer-Ownership
"<t>Diller</t> also is believed to be interested in his own bid for one or more of <s>the entertainment unit</s>'s assets, most likely the film studio.",0,1,Transaction:Transfer-Ownership
And then <t>MCI</t> just sort of accepted a <s>Verizon</s> deal without really bothering anybody .,0,0,Transaction:Transfer-Ownership
"A U.S. military official in Seoul, speaking on condition of anonymity, said Tuesday <s>North Korea</s> is believed to have exported US$580 million worth of missiles to <t>Iran, Pakistan, Libya, Syria, Egypt, Yemen and the United Arab Emirates</t> in 2001.",0,1,Transaction:Transfer-Ownership
"Now the nut of the question should be, What if <s>Iran</s> gives, sells, provides nuclear weapons to <t>Islamic extremists</t> to smuggle into the United States and at 10 AM on a Wednesday pop 2 or 3 in New York City, destroying Wall street, the large banks, the large Insurance companies, the large sock brokerage houses and many other world wide financial institutions.",0,1,Transaction:Transfer-Ownership
"As part of the 11-billion-dollar sale of <s>USA Interactive</s>'s film and television operations to <t>the French media company</t> in December 2001, <s>USA Interactive</s> received 2.5 billion dollars in preferred shares in Vivendi Universal Entertainment.",0,0,Transaction:Transfer-Ownership
"<s>The United States</s> quickly became <t>the Southeast Asian country</t>'s main weapons supplier, and annual arms sales peaked at US$400 million in the 1980s.",0,0,Transaction:Transfer-Ownership
The Times said <s>Vivendi Universal</s> was negotiating to sell its flagship theme parks to <t>New York investment firm Blackstone Group</t> as a the first step toward dismantling its entertainment empire.,0,0,Transaction:Transfer-Ownership
"Auctioneers reported a $9.3 billion winning bid for Yuganskneftgaz -- <s>the company</s>'s main asset, worth two to three times that amount -- by <t>an anonymous company located in Tver</t>.",0,0,Transaction:Transfer-Ownership
The attack came a day after a <s>Taliban</s> assault in the neighbouring <t>Logar province</t> killed eight security forces.,1,1,Conflict.Attack.DetonateExplode
(CNN) Colombia's National Liberation Army (ELN) is claiming to have carried out the car <s>bomb</s> attack at a police <t>academy</t> in Bogota last week that left at least 20 dead.,1,1,Conflict.Attack.DetonateExplode
(CNN) Colombia's National Liberation Army (ELN) is claiming to have carried out the car <s>bomb</s> attack at a police academy in <t>Bogota</t> last week that left at least 20 dead.,1,1,Conflict.Attack.DetonateExplode
"10.30 pm – A petrol <s>bomb</s> attack on a <t>mosque</t> and arson attacks on two shops owned by Muslims are reported in two different parts of the country, police said.",1,1,Conflict.Attack.DetonateExplode
These three factors are analyzed in regards to the influence they had on <s>McVeigh</s>’s decision to attack the <t>Murrah building</t>.,1,1,Conflict.Attack.DetonateExplode
"Ibrahim el-Bakraoui’s brother, <s>Khalid</s>, was named as the suicide bomber in the <t>metro</t> attack.",1,1,Conflict.Attack.DetonateExplode
Dozens of Afghan security forces were killed when armed Taliban <s>fighters</s> attacked a <t>military base</t> about 44km southwest of Kabul on Monday.,1,1,Conflict.Attack.DetonateExplode
Police subsequently announced that they were looking for five people in connection with this second wave of <s>bomb</s> attacks in <t>England</t>.,1,1,Conflict.Attack.DetonateExplode
This was a second wave of bombing attacks launched by the <s>IRA</s> in <t>England</t> in 1973 after the Old Bailey car bombing earlier in the year which had killed one and injured around 200 civilians.,1,1,Conflict.Attack.DetonateExplode
"At a meeting of the IRA Army Council in June 1972 the organization's Chief of Staff, <s>Seán Mac Stíofáin</s>, first proposed making bombing attacks in <t>England</t>.",1,1,Conflict.Attack.DetonateExplode
"<s>Jihadist</s> gun and bomb attacks have killed more than 250 <t>people</t> in France since 2015 and the country remains on high alert, with military patrols a regular feature of security in cities including Lyon.",1,1,Conflict.Attack.DetonateExplode
"<s>Jihadist</s> gun and bomb attacks have killed more than 250 people in <t>France</t> since 2015 and the country remains on high alert, with military patrols a regular feature of security in cities including Lyon.",1,1,Conflict.Attack.DetonateExplode
2 killed in roadside <s>IED</s> blast in <t>Bajaur</t>,1,1,Conflict.Attack.DetonateExplode
The blast in Bajaur comes days after a tribal elder was seriously wounded in a roadside <s>bomb</s> blast in <t>Nawagai</t> tehsil.,1,1,Conflict.Attack.DetonateExplode
Afghanistan: Roadside <s>IED</s> blast kills multiple civilians in <t>Ghazni province</t> August 23,1,1,Conflict.Attack.DetonateExplode
Roadside <s>IED</s> blast kills at least seven civilians in <t>Ghazni province</t> on August 23; similar attacks likely,1,1,Conflict.Attack.DetonateExplode
10 civilians killed in roadside <s>bomb</s> blast in <t>E. Afghan</t> province: official,1,1,Conflict.Attack.DetonateExplode
<s>Manchester Bomber</s>’s Blast Felt on <t>Street</t> Where He Grew Up,1,1,Conflict.Attack.DetonateExplode
BBC ON THIS DAY <s>Bomb</s> blasts rock central <t>London</t>,1,1,Conflict.Attack.DetonateExplode
"(Reuters) - <s>Bomb</s> blasts ripped through churches and luxury <t>hotels</t> in Sri Lanka on Easter Sunday, killing 207 and injuring 450 people, in the first major attack on the Indian Ocean island since the end of a civil war 10 years ago.",1,1,Conflict.Attack.DetonateExplode
"(Reuters) - <s>Bomb</s> blasts ripped through churches and luxury hotels in <t>Sri Lanka</t> on Easter Sunday, killing 207 and injuring 450 people, in the first major attack on the Indian Ocean island since the end of a civil war 10 years ago.",1,1,Conflict.Attack.DetonateExplode
"(Reuters) - <s>Bomb</s> blasts ripped through <t>churches</t> and luxury hotels in Sri Lanka on Easter Sunday, killing 207 and injuring 450 people, in the first major attack on the Indian Ocean island since the end of a civil war 10 years ago.",1,1,Conflict.Attack.DetonateExplode
"On December 21, 2015 in <t>Bagram</t>, a suicide <s>bomber</s> blew himself up, killing six NATO service members.",1,1,Conflict.Attack.DetonateExplode
"March 22, 2016 - Three Islamic State suicide <s>bombers</s>, all Belgian nationals, blow themselves up at <t>Brussels airport</t> and in a metro train in the Belgian capital, killing 32 people.",1,1,Conflict.Attack.DetonateExplode
A <s>US soldier</s> convicted of plotting to blow up <t>a restaurant full of troops in Texas</t> has been sentenced to life in jail.,1,1,Conflict.Attack.DetonateExplode
"McVeigh was further influenced by The Turner Diaries, a novel in which the <s>protagonist</s> blows up a government <t>building</t> as a part of a revolution against the government.",1,1,Conflict.Attack.DetonateExplode
"<s>McVeigh</s>, who had devised the plot to bomb the <t>Murrah Building</t> and had planted the bomb, was sentenced to death.",1,1,Conflict.Attack.DetonateExplode
"Jury selection was set to begin on Monday in a U.S. court in <t>Boston</t> for the trial of the first of three friends of the <t>Boston</t> Marathon bombing <s>suspect</s>, charged with obstructing the investigation into the deadly blasts.",1,1,Conflict.Attack.DetonateExplode
"<s>Tsarnaev</s>, 21, was convicted last month of 30 terrorism and other related charges for his role in the April 2013 <t>Boston</t> Marathon bombing.",1,1,Conflict.Attack.DetonateExplode
"A key issue for jurors — both in the guilt phase and later in the penalty phase if Tsarnaev is convicted — will be whether the jurors see Tsarnaev as an equal partner with his older brother, <s>Tamerlan Tsarnaev</s>, in the <t>Boston Marathon</t> bombing and the violent events that followed.",1,1,Conflict.Attack.DetonateExplode
"A key issue for jurors — both in the guilt phase and later in the penalty phase if <s>Tsarnaev</s> is convicted — will be whether the jurors see <s>Tsarnaev</s> as an equal partner with his older brother, Tamerlan <s>Tsarnaev</s>, in the <t>Boston Marathon</t> bombing and the violent events that followed.",1,1,Conflict.Attack.DetonateExplode
"<t>Boston</t> law enforcement officials say <t>Boston</t> Marathon bombing suspect <s>Dzhokhar Tsarnaev</s> told the U.S. Federal Bureau of Investigation that he and his brother Tamerlan originally considered suicide bombings, and planning attacks on July 4 - the United States' Independence Day.",1,1,Conflict.Attack.DetonateExplode
2 New <s>Suspects</s> Sought in <t>Bangkok</t> Bombing,1,1,Conflict.Attack.DetonateExplode
The Manbij bombing occurred on 16 January 2019 when a suicide <s>bomber</s> targeted a busy market <t>street</t> in Manbij known to be frequented by American soldiers.,1,1,Conflict.Attack.DetonateExplode
The <t>Manbij</t> bombing occurred on 16 January 2019 when a suicide <s>bomber</s> targeted a busy market street in <t>Manbij</t> known to be frequented by American soldiers.,1,1,Conflict.Attack.DetonateExplode
"According to the complaint, the women ""researched and acquired some of the components of a car <s>bomb</s>, like the one used in the 1993 <t>World Trade Center</t> bombing; a fertilizer bomb, like the one used in the 1995 bombing of the federal building in Oklahoma City; and a pressure cooker bomb, like the one used in the 2013 Boston Marathon bombing,'' authorities wrote.",1,1,Conflict.Attack.DetonateExplode
"From the outset, the <s>IRA</s>'s bombing of the <t>city</t> caused widespread chaos and stretched the security forces to the limit.",1,1,Conflict.Attack.DetonateExplode
"In a statement, the leftist militant group said the attack was in retaliation for the <s>government</s>'s bombings of its <t>camps</t>, despite a ceasefire being in place.",1,1,Conflict.Attack.DetonateExplode
In Indonesia there are growing concerns that more deadly attacks could follow last week’ bombings in <t>Jakarta</t> by Islamist <s>militants</s>.,1,1,Conflict.Attack.DetonateExplode
"After convicting Chechen immigrant <s>Dzhokhar Tsarnaev</s> of the deadly 2013 <t>Boston</t> Marathon bombings, jurors will take a few days off before deciding whether to sentence him to death or life in prison.",1,1,Conflict.Attack.DetonateExplode
"Last week republican terrorist <s>Mick Murray</s> was named as a ringleader of the gang behind the bombings of two pubs in <t>Birmingham city</t> centre on November 21, 1974.",1,1,Conflict.Attack.DetonateExplode
"Last week republican terrorist <s>Mick Murray</s> was named as a ringleader of the gang behind the bombings of <t>two pubs</t> in Birmingham city centre on November 21, 1974.",1,1,Conflict.Attack.DetonateExplode
"<s>Patrick Guilfoyle, Martin Coughlan, Gerard Young, Joseph Duffy, Michael Murray, Anthony Madigan, Joseph Ashe, Gerald Small and Stephen Blake</s> conducted the biggest wave of bombings in the <t>region</t> since the Second World War.",1,1,Conflict.Attack.DetonateExplode
A suicide <s>bomber</s> riding a motorcycle loaded with explosives crashed into a NATO-Afghanistan foot patrol while it was traveling throughout the <t>village</t> near Bagram Air Base.,1,1,Conflict.Attack.DetonateExplode
A suicide <s>bomber</s> riding a motorcycle loaded with explosives crashed into a NATO-Afghanistan foot <t>patrol</t> while it was traveling throughout the village near Bagram Air Base.,1,1,Conflict.Attack.DetonateExplode
Germany's former capital narrowly escaped a deadly bombing last week when a <s>device</s> placed on a train station <t>platform</t> failed to detonate.,1,1,Conflict.Attack.DetonateExplode
"The foiled <s>terrorist</s> plot to detonate a bomb in <t>Times Square</t> on May 1, 2010, involved a pressure cooker.",1,1,Conflict.Attack.DetonateExplode
Eight <s>Ford</s> plug detonated next to mistreat any residential <t>subdivision</t> and was triggered.,1,1,Conflict.Attack.DetonateExplode
The <s>explosives</s> in the truck were then detonated near the women's <t>dormitories</t> at the police academy as students were leaving a promotion ceremony.,1,1,Conflict.Attack.DetonateExplode
A <s>bomb</s> was detonated at a decommissioned <t>airfield</t> medical facility that was being transitioned to the local Afghan government near the perimeter of the base.,1,0,Conflict.Attack.DetonateExplode
"Provincial Council Member Nafisa Selai Wardak said at least 126 members were killed in the attack that began Monday morning when a <s>suicide bomber</s> detonated his explosive-laden vehicle outside the <t>base</t> in Maidan Shahr, the capital of Wardak province.",1,1,Conflict.Attack.DetonateExplode
"A bomb <s>squad</s> arranged and detonated a ""controlled explosion"" on <t>Boylston Street</t>, just east of the first two explosions, in order to destroy a cache of ""suspicious packages"" that officials had come across.",1,0,Conflict.Attack.DetonateExplode
"s Michael Crowley surfaced a 2004 memo issued by the Department of Homeland Security, cataloging episodes in which Afghan <s>terrorists</s> used pressure cookers to fabricate explosive devices and detonated them in several <t>countries</t> throughout the 2000s.",1,1,Conflict.Attack.DetonateExplode
"The components were said to be similar to those used in <s>devices</s> that detonated at the <t>Erawan Shrine</t> on August 17 and in the Chao Phraya River, adjacent to the Sathorn Pier, the following day.",1,1,Conflict.Attack.DetonateExplode
"The components were said to be similar to those used in <s>devices</s> that detonated at the Erawan Shrine on August 17 and in the <t>Chao Phraya River</t>, adjacent to the Sathorn Pier, the following day.",1,1,Conflict.Attack.DetonateExplode
"On Sunday, August 23, at least seven civilians were killed after an improvised explosive <s>device</s> (IED) detonated in central <t>Ghazni province</t>.",1,1,Conflict.Attack.DetonateExplode
"By the end of the day, the IRA's Belfast <s>brigade</s> had detonated at least 20 bombs across the <t>city</t>.",1,1,Conflict.Attack.DetonateExplode
"The official said the assault began on Monday morning when the attackers rammed a car full <s>explosives</s> through a military checkpoint and detonated the vehicle inside the <t>campus</t> of the National Directorate of Security (NDS) forces training center in Maidan Shahr, the capital of Maidan Wardak province.",1,1,Conflict.Attack.DetonateExplode
"At about 2:50 p.m., two homemade pressure-cooker bombs are detonated remotely by the <s>Tsarnaevs</s> near the <t>finish line</t> of the Boston Marathon, killing three and injuring some 260 others.",1,1,Conflict.Attack.DetonateExplode
"The first <s>drone</s> detonated <t>somewhere</t> above or near the parade, the most likely cause of the casualties announced by the Venezuelan government and pictured on social media.",1,1,Conflict.Attack.DetonateExplode
"It is a very likely possibility that the downed <s>drone</s> subsequently detonated, creating the hole in the wall of this <t>apartment</t>, igniting a fire, and causing the sound of the second explosion which can be heard in Video 2 [of the state TV broadcast of Maduro’s speech], it further suggests.",1,1,Conflict.Attack.DetonateExplode
We just be six <s>bomb</s> which did not detonate eighty different fixed distribution <t>center</t> of the suspected serial <s>bomb</s>er Texas.,1,1,Conflict.Attack.DetonateExplode
"Beginning at 7:37 am and continuing for several minutes, 10 <s>bombs</s> exploded on <t>four trains</t> in and around Atocha Station in the city’s centre, leaving 191 dead and more than 1,800 injured.",1,1,Conflict.Attack.DetonateExplode
"Beginning at 7:37 am and continuing for several minutes, 10 <s>bombs</s> exploded on four trains in and around <t>Atocha Station</t> in the city’s centre, leaving 191 dead and more than 1,800 injured.",1,1,Conflict.Attack.DetonateExplode
"On 10 September 1973 a <s>bomb</s> (with no warning issued beforehand) exploded at King's Cross railway station in the booking <t>hall</t> at 12.24 p.m. when a youth of around 16/17 years of age walked up to the entrance of the station's old booking <t>hall</t> and threw a bag into it which contained a 3 lb (1.4 kg) device, which detonated, shattering glass throughout the <t>hall</t> and throwing a baggage trolley several feet into the air.",1,1,Conflict.Attack.DetonateExplode
"On 10 September 1973 a <s>bomb</s> (with no warning issued beforehand) exploded at <t>King's Cross railway station</t> in the booking hall at 12.24 p.m. when a youth of around 16/17 years of age walked up to the entrance of the station's old booking hall and threw a bag into it which contained a 3 lb (1.4 kg) device, which detonated, shattering glass throughout the hall and throwing a baggage trolley several feet into the air.",1,1,Conflict.Attack.DetonateExplode
"On 12 September 1973 two more <s>bombs</s> exploded, one in <t>Oxford Street</t> and another in Sloane Square, targeting retail shopping centres.",1,1,Conflict.Attack.DetonateExplode
"On 12 September 1973 two more <s>bombs</s> exploded, one in Oxford Street and another in Sloane Square, targeting retail shopping <t>centres</t>.",1,1,Conflict.Attack.DetonateExplode
"On 12 September 1973 two more <s>bombs</s> exploded, one in Oxford Street and another in <t>Sloane Square</t>, targeting retail shopping centres.",1,1,Conflict.Attack.DetonateExplode
"Deputy Assistant Commissioner Alan Fry, head of anti-terrorist branch, said: ""The <s>device</s> has similarities to the <s>device</s> that exploded in <t>Brixton</t> with terrible consequences last Saturday.",1,1,Conflict.Attack.DetonateExplode
"The <s>device</s> exploded in <t>Brick Lane</t>, the centre of one of the capital's biggest Bangladeshi communities and a popular Saturday market.",1,1,Conflict.Attack.DetonateExplode
"During the afternoon of 'Bloody Friday' the <s>Irish Republican Army</s> (IRA) planted and exploded 22 bombs which, in the space of 75 minutes, killed 9 <t>people</t> and seriously injured approximately 130 others.",1,1,Conflict.Attack.DetonateExplode
"At least two people were killed when a roadside <s>bomb</s> exploded near a vehicle in <t>Bajaur</t> tribal district of Khyber Pakhtunkhwa on Wednesday evening, a district official said.",1,1,Conflict.Attack.DetonateExplode
"In a post on Facebook, <t>Boston</t> marathon says: ""There were two <s>bombs</s> that exploded near the finish line in today's <t>Boston</t> Marathon.",1,1,Conflict.Attack.DetonateExplode
DESTRUCTION In Botanic Avenue after a <s>bomb</s> exploded in a hi-jacked bread van parked outside the <t>York Hotel</t>.,1,1,Conflict.Attack.DetonateExplode
The <t>station</t> was crowded when the <s>bomb</s> exploded.,1,1,Conflict.Attack.DetonateExplode
Timetable of terror Between 2.10 and 3.15 on the afternoon of July 21 a total of 19 <s>bombs</s> exploded in various parts of <t>Belfast</t>.,1,1,Conflict.Attack.DetonateExplode
The last time a parcel <s>bomb</s> had exploded in <t>France</t> was in 2007 when a device killed one person and injured another in front of a law office in Paris.,1,1,Conflict.Attack.DetonateExplode
The last time a parcel <s>bomb</s> had exploded in France was in 2007 when a device killed one <t>person</t> and injured another in front of a law office in Paris.,1,1,Conflict.Attack.DetonateExplode
The last time a parcel bomb had exploded in <t>France</t> was in 2007 when a <s>device</s> killed one person and injured another in front of a law office in Paris.,1,1,Conflict.Attack.DetonateExplode
The last time a parcel bomb had exploded in France was in 2007 when a <s>device</s> killed one <t>person</t> and injured another in front of a law office in Paris.,1,1,Conflict.Attack.DetonateExplode
"On the afternoon of November 21, with emotions running high, all police leave was cancelled and an extra 1,300 officers were drafted in to guard his coffin as it was driven to Coventry airport and flown to Ireland.But hours after the funeral procession, two <s>bombs</s> exploded in two packed <t>Birmingham city</t> centre pubs.It has been claimed that a 'link man' ordered the revenge attacks in an impulsive grief-stricken reaction to McDade's death - without the blessing of IRA chiefs in Belfast.",1,1,Conflict.Attack.DetonateExplode
"On the afternoon of November 21, with emotions running high, all police leave was cancelled and an extra 1,300 officers were drafted in to guard his coffin as it was driven to Coventry airport and flown to Ireland.But hours after the funeral procession, two <s>bombs</s> exploded in two packed Birmingham city centre <t>pubs</t>.It has been claimed that a 'link man' ordered the revenge attacks in an impulsive grief-stricken reaction to McDade's death - without the blessing of IRA chiefs in Belfast.",1,1,Conflict.Attack.DetonateExplode
A coded call gave police a three-minute warning of a second <s>bomb</s> at Euston which exploded at 1.16 p.m. in the <t>Railbar</t> injuring eight people.,1,1,Conflict.Attack.DetonateExplode
"There have been no inquests since two <s>bombs</s> exploded at the <t>Mulberry Bush</t> and the Tavern in the Town in November 1974, which also injured 182 people.",1,1,Conflict.Attack.DetonateExplode
"There have been no inquests since two <s>bombs</s> exploded at the Mulberry Bush and the <t>Tavern</t> in the Town in November 1974, which also injured 182 people.",1,1,Conflict.Attack.DetonateExplode
"There have been no inquests since two <s>bombs</s> exploded at the Mulberry Bush and the Tavern in the Town in November 1974, which also injured 182 <t>people</t>.",1,1,Conflict.Attack.DetonateExplode
"On 27 August 1975 a Provisional IRA <s>bomb</s> exploded without warning at the <t>Caterham</t> Arms public house in <t>Caterham</t>, Surrey, England.",1,1,Conflict.Attack.DetonateExplode
"On 27 August 1975 a Provisional IRA <s>bomb</s> exploded without warning at the <t>Caterham Arms public house</t> in Caterham, Surrey, England.",1,1,Conflict.Attack.DetonateExplode
"The next day, the same <s>IRA</s> unit exploded a bomb in <t>Oxford Street</t>, injuring several people.",1,1,Conflict.Attack.DetonateExplode
"A <s>bomb</s> exploding in <t>New York</t> is obviously an act of terrorism, but it’s not linked to international terrorism.",1,1,Conflict.Attack.DetonateExplode
"An <s>IED</s> explosion at a <t>mosque</t> in Balochistan's Chaman area left nine people injured, also in the evening.",1,1,Conflict.Attack.DetonateExplode
"It was one of four eerily similar incidents to hit the <t>tri-state</t> area on Saturday including a pipe-<s>bomb</s> explosion in Seaside Park, N.J.",1,1,Conflict.Attack.DetonateExplode
"It was one of four eerily similar incidents to hit the tri-state area on Saturday including a pipe-<s>bomb</s> explosion in <t>Seaside Park</t>, N.J.",1,1,Conflict.Attack.DetonateExplode
Three American Service Members Killed in <t>Afghanistan</t> IED Roadside <s>Bomb</s> Explosion,1,1,Conflict.Attack.DetonateExplode
"Several American military personnel were inside the <t>Palace of Princes restaurant</t> when a suicide <s>bomber</s> triggered an explosion outside the restaurant around midday on Wednesday, 16 January 2019.",1,1,Conflict.Attack.DetonateExplode
"Several <t>American military personnel</t> were inside the Palace of Princes restaurant when a suicide <s>bomber</s> triggered an explosion outside the restaurant around midday on Wednesday, 16 January 2019.",1,1,Conflict.Attack.DetonateExplode
"KABUL, Dec. 13 (Xinhua) -- Ten civilians were killed and six others wounded in a roadside <s>bomb</s> explosion in <t>Afghanistan</t>'s eastern Ghazni province on Friday, an Interior Ministry official confirmed.",1,1,Conflict.Attack.DetonateExplode
"Scotland Yard are searching for a group of about five people, including a ""baby faced"" teenage youth, in the wake of two <s>bomb</s> explosions at King's Cross and Euston <t>stations</t> in London yesterday.",1,1,Conflict.Attack.DetonateExplode
"Scotland Yard are searching for a group of about five people, including a ""baby faced"" teenage youth, in the wake of two <s>bomb</s> explosions at <t>King's Cross</t> and Euston stations in London yesterday.",1,1,Conflict.Attack.DetonateExplode
"Scotland Yard are searching for a group of about five people, including a ""baby faced"" teenage youth, in the wake of two <s>bomb</s> explosions at King's Cross and Euston stations in <t>London</t> yesterday.",1,1,Conflict.Attack.DetonateExplode
This Sunday will be the 30th anniversary of Bloody Friday - when the <s>IRA</s> planted more than 20 bombs around <t>Belfast</t>.,1,1,Conflict.Attack.DetonateExplode
These are the words of Pat Arthus who was just 14-years-old when a loyalist <s>bomb</s> ripped through a <t>bar</t> in a Catholic area of Belfast and killed her mother.,1,1,Conflict.Attack.DetonateExplode
These are the words of Pat Arthus who was just 14-years-old when a loyalist <s>bomb</s> ripped through a bar in a <t>Catholic area of Belfast</t> and killed her mother.,1,1,Conflict.Attack.DetonateExplode
"London has been rocked by a second <s>bomb</s> in a busy market <t>area</t> in a week, injuring five people in the East End.",1,1,Conflict.Attack.DetonateExplode
"<t>London</t> has been rocked by a second <s>bomb</s> in a busy market area in a week, injuring five people in the East End.",1,1,Conflict.Attack.DetonateExplode
"Last week, Taliban <s>fighters</s> set off a car bomb outside a <t>highly fortified compound</t> killing at least five people and wounding more than 110 in the capital Kabul, but casualties from Monday's attack appear to have been far higher.",1,1,Conflict.Attack.DetonateExplode
"Last week, Taliban <s>fighters</s> set off a car bomb outside a highly fortified compound killing at least five people and wounding more than <t>110</t> in the capital Kabul, but casualties from Monday's attack appear to have been far higher.",1,1,Conflict.Attack.DetonateExplode
"Last week, Taliban <s>fighters</s> set off a car bomb outside a highly fortified compound killing at least five <t>people</t> and wounding more than 110 in the capital Kabul, but casualties from Monday's attack appear to have been far higher.",1,1,Conflict.Attack.DetonateExplode
"The militant <s>attackers</s> last Thursday (January 14) set off two bombs, the first at the <t>Starbucks</t> and the second at a police traffic station in the middle of the intersection, near Jakarta's oldest department store, Sarinah.",1,1,Conflict.Attack.DetonateExplode
"The militant <s>attackers</s> last Thursday (January 14) set off two bombs, the first at the Starbucks and the second at a police traffic <t>station</t> in the middle of the intersection, near Jakarta's oldest department store, Sarinah.",1,1,Conflict.Attack.DetonateExplode
Tamerlan was killed in a police shootout three days after <s>he and his younger brother</s> allegedly set off two bombs at the <t>Boston</t> Marathon finish line.,1,1,Conflict.Attack.DetonateExplode
"<s>Tsarnaev</s> and his brother Tamerlan, ethnic Chechens, are believed to have set off a pair of homemade pressure-cooker bombs at the world-renowned marathon's finish <t>line</t>, killing three people and maiming scores of others in one of the worst attacks on U.S. soil since Sept. 11, 2001.",1,1,Conflict.Attack.DetonateExplode
"Tsarnaev and his brother <s>Tamerlan</s>, ethnic Chechens, are believed to have set off a pair of homemade pressure-cooker bombs at the world-renowned marathon's finish <t>line</t>, killing three people and maiming scores of others in one of the worst attacks on U.S. soil since Sept. 11, 2001.",1,1,Conflict.Attack.DetonateExplode
"The <s>brothers</s> allegedly set off two bombs alongside the <t>Boston Marathon</t> course, killing three people and injuring 264.",1,1,Conflict.Attack.DetonateExplode
Two <s>gunmen</s> entered the <t>campus</t> right after the explosion and shot at many Afghan soldiers before being gunned down during the clashes.,1,1,Conflict.Attack.DetonateExplode
Two <s>gunmen</s> entered the campus right after the explosion and shot at many Afghan <t>soldiers</t> before being gunned down during the clashes.,1,1,Conflict.Attack.DetonateExplode
"In 2002, the popular resort <t>island</t> was targeted by <s>Jemaah Islamiyah</s> (JI), an Indonesia-based terrorist group with links to al-Qaida.",1,1,Conflict.Attack.DetonateExplode
An improvised <s>explosive device</s> has targeted British diplomatic <t>vehicles</t> in Iraq’s capital Baghdad.,1,1,Conflict.Attack.DetonateExplode
An improvised <s>explosive device</s> has targeted British diplomatic vehicles in Iraq’s capital <t>Baghdad</t>.,1,1,Conflict.Attack.DetonateExplode
An improvised <s>explosive device</s> has targeted British diplomatic vehicles in <t>Iraq</t>’s capital Baghdad.,1,1,Conflict.Attack.DetonateExplode
Belgian state broadcaster RTBF has identified two of the attackers who targeted <t>Brussels</t> as brothers <s>Khalid</s> and Brahim Bakraoui.,1,1,Conflict.Attack.DetonateExplode
Belgian state broadcaster RTBF has identified two of the attackers who targeted <t>Brussels</t> as brothers Khalid and <s>Brahim Bakraoui</s>.,1,1,Conflict.Attack.DetonateExplode
Iraq: Improvised <s>explosive device</s> targets British <t>vehicles</t> in Baghdad,1,1,Conflict.Attack.DetonateExplode
Iraq: Improvised <s>explosive device</s> targets British vehicles in <t>Baghdad</t>,1,1,Conflict.Attack.DetonateExplode
Their last previous attack was an assassination attempt on former Prime Minister Edward Heath but he was not home when the <s>attackers</s> threw a bomb into his <t>bedroom</t> window on 22 December 1974.,1,1,Conflict.Attack.DetonateExplode
The following week to more packages on the same day bolt exploding teenager was killed in a <t>woman</t> badly injured when the <s>device</s> went off her front door.,1,1,Conflict.Attack.DetonateExplode
"An improvised explosive device (<s>IED</s>) planted along the road by unidentified miscreants went off as the vehicle passed through the Charmang <t>area</t> of Bajaur's Nawagai tehsil, an official in the district's political administration told DawnNewsTV.",1,1,Conflict.Attack.DetonateExplode
Their last previous attack was an assassination attempt on former Prime Minister <t>Edward Heath</t> but he was not home when the <s>attackers</s> threw a bomb into his bedroom window on 22 December 1974.,1,1,Conflict.Attack.Unspecified
The <t>target</t> of what police have said was an attack plotted by <s>Driver</s> was unclear.,1,1,Conflict.Attack.Unspecified
It was the deadliest attack on the Colombian <t>capital</t> since the 2003 El Nogal Club bombing and the first <s>terrorist</s> attack on the <t>capital</t> since the 2017 Centro Andino bombing.,1,1,Conflict.Attack.Unspecified
"For others, it will be a chance at learning something more about why a laid-back, average, 19-year-old college <s>student</s> decided to participate in a horrific attack on <t>bystanders</t> celebrating a beloved sporting event.",1,1,Conflict.Attack.Unspecified
"That program appears to have failed, say critics, as it did not help them identify <s>Khalid Masood</s>, the militant responsible for the <t>Westminster Bridge</t> attack in March that killed five people.",1,1,Conflict.Attack.Unspecified
Image caption <s>Naser Jason Abdo</s> planned the attack outside <t>Fort Hood</t> so he would not have to get past security,1,1,Conflict.Attack.Unspecified
"The two-part trial entered the “penalty” phase April 21, as prosecutors sought to paint <s>Tsarnaev</s> as a willing accomplice in the worst terrorist attack on <t>U.S.</t> soil since Sept. 11, 2001.",1,1,Conflict.Attack.Unspecified
The Islamic State group has claimed responsibility for an attack by a <s>man</s> who plowed an SUV into <t>pedestrians</t> and then stabbed a police officer.,1,1,Conflict.Attack.Unspecified
Tense <t>London</t> Carries on After <s>Islamic State</s> Attack,1,1,Conflict.Attack.Unspecified
"Feb. 3, 2017 - A machete-wielding <s>man</s>, shouting ""Allahu Akbar"" (God is greatest), attacked <t>soldiers</t> in a shopping mall on the edge of the Louvre museum in Paris; he is shot and seriously wounded by <t>soldiers</t>.",1,1,Conflict.Attack.Unspecified
"Feb. 3, 2017 - A machete-wielding <s>man</s>, shouting ""Allahu Akbar"" (God is greatest), attacked soldiers in a shopping <t>mall</t> on the edge of the Louvre museum in Paris; he is shot and seriously wounded by soldiers.",1,1,Conflict.Attack.Unspecified
"Ger<s>man</s> emergency services workers work in the area where a <s>man</s> with an ax attacked <t>passengers</t> on a train near the city of Wuerzburg, July 19, 2016.",1,1,Conflict.Attack.Unspecified
"In the early morning of December 11, 2019, the <s>Taliban</s> attacked <t>Bagram Air Base</t> in Afghanistan, which is controlled by the United States.",1,1,Conflict.Attack.Unspecified
"In the early morning of December 11, 2019, the <s>Taliban</s> attacked Bagram Air Base in <t>Afghanistan</t>, which is controlled by the United States.",1,1,Conflict.Attack.Unspecified
Taliban <s>insurgents</s> attacked <t>the southern part of the base</t> following the explosion.,1,1,Conflict.Attack.Unspecified
"On the morning of 1 March 2019, Taliban gunmen and suicide <s>bombers</s> attacked <t>Camp Shorabak</t> in Helmand Province, Afghanistan.",1,1,Conflict.Attack.Unspecified
"On the morning of 1 March 2019, Taliban gunmen and suicide <s>bombers</s> attacked Camp Shorabak in <t>Helmand Province</t>, Afghanistan.",1,1,Conflict.Attack.Unspecified
"On the morning of 1 March 2019, Taliban gunmen and suicide <s>bombers</s> attacked Camp Shorabak in Helmand Province, <t>Afghanistan</t>.",1,1,Conflict.Attack.Unspecified
"On the morning of 1 March 2019, Taliban <s>gunmen</s> and suicide bombers attacked <t>Camp Shorabak</t> in Helmand Province, Afghanistan.",1,1,Conflict.Attack.Unspecified
"On the morning of 1 March 2019, Taliban <s>gunmen</s> and suicide bombers attacked Camp Shorabak in <t>Helmand Province</t>, Afghanistan.",1,1,Conflict.Attack.Unspecified
"On the morning of 1 March 2019, Taliban <s>gunmen</s> and suicide bombers attacked Camp Shorabak in Helmand Province, <t>Afghanistan</t>.",1,1,Conflict.Attack.Unspecified
"July 18, 2016 - A 17-year-old Afghan <s>refugee</s> wielding an axe and a knife attacks <t>passengers</t> on a train in southern Germany, severely wounding four, before being shot dead by police.",1,1,Conflict.Attack.Unspecified
The attack was carried out on the fifth anniversary of twin attacks by Norwegian mass murderer <s>Anders Breivik</s> that killed 77 <t>people</t>.,1,1,Conflict.Attack.Unspecified
"Between 2017 and up until the attack, Colombian officials stated that the ELN had participated in at least 400 <s>terrorist</s> attacks in the <t>nation</t> since dialogue began, including the shoot down of a civilian helicopter and the kidnapping of its occupants.",1,1,Conflict.Attack.Unspecified
Report says <s>CIA</s> attacks led to <t>civilian</t> deaths and casualties and says US protocols are 'hurdle to transparency',1,1,Conflict.Attack.Unspecified
"During the recent terror attacks in <t>Paris</t>, <s>the attackers</s> were unable to gain access to the Stade de France, which was packed with fans for a soccer game.",1,1,Conflict.Attack.Unspecified
"In April, more than two dozen Syrian pro-regime fighters were killed in <s>IS</s> attacks in Badia al-Sukhnah and <t>Badia al-Sham</t>, prompting Russian airstrikes, according to the Syrian Observatory for Human Rights.",1,1,Conflict.Attack.Unspecified
"In April, more than two dozen Syrian pro-regime fighters were killed in <s>IS</s> attacks in <t>Badia al-Sukhnah</t> and Badia al-Sham, prompting Russian airstrikes, according to the Syrian Observatory for Human Rights.",1,1,Conflict.Attack.Unspecified
"The family is originally from Chechnya, where Muslim <s>insurgents</s> have for decades been engaged in a bloody conflict with <t>Russia</t>.",1,1,Conflict.Attack.Unspecified
"In the hours after Wednesday’s attack in the heart of London, <s>police</s> conducted raids around the <t>country</t> in search of anyone who may have given support to Masood.",1,1,Conflict.Attack.Unspecified
The elder <t>Tsarnaev</t> died after being shot by police and inadvertently driven over by <s>Dzhokhar</s> as the two brothers attempted to flee the Boston area.,1,1,Conflict.Attack.Unspecified
"July 14, 2016 - A <s>gunman</s> drives a heavy truck into a crowd celebrating Bastille Day in the French city of <t>Nice</t>, killing 86 people and injuring scores more in an attack claimed by Islamic State.",1,1,Conflict.Attack.Unspecified
"July 14, 2016 - A <s>gunman</s> drives a heavy truck into a <t>crowd</t> celebrating Bastille Day in the French city of Nice, killing 86 people and injuring scores more in an attack claimed by Islamic State.",1,1,Conflict.Attack.Unspecified
"The <s>man</s>, who interior ministry spokes<s>man</s> says had earlier fired a potshot at <t>police</t> during an identity check before fleeing, is shot dead in the Orly incident by other members of soldier patrol unit.",1,1,Conflict.Attack.Unspecified
"July 22, 2016 - An 18-year-old German-Iranian <s>gunman</s> apparently acting alone kills at least nine <t>people</t> in Munich.",1,1,Conflict.Attack.Unspecified
"Another <s>militant</s> kills a <t>policewoman</t> the next day and takes hostages at a supermarket on Jan. 9, killing four before police shoot him dead.",1,1,Conflict.Attack.Unspecified
"June 14, 2016 - A <s>Frenchman</s> of Moroccan origin stabs a police commander to death outside his home in a Paris suburb and kills his <t>partner</t>, who also worked for the police.",1,1,Conflict.Attack.Unspecified
"The episode on Saturday reminded many in Venezuela of a similar incident last year when <s>Óscar Pérez</s>, a rogue police officer, launched grenades from a stolen helicopter at <t>government buildings</t> in Caracas.",1,1,Conflict.Attack.Unspecified
"The episode on Saturday reminded many in Venezuela of a similar incident last year when <s>Óscar Pérez</s>, a rogue police officer, launched grenades from a stolen helicopter at government buildings in <t>Caracas</t>.",1,1,Conflict.Attack.Unspecified
"The Tsarnaevs’ two sons had been implicated: <t>Tamerlan</t>, 26, had been killed during a <s>police</s> shoot-out.",1,1,Conflict.Attack.Unspecified
After the second explosion Yunus rushed to the police station to help the wounded even though the <s>assailants</s> were shooting at anyone in the <t>area</t>.,1,1,Conflict.Attack.Unspecified
"Abdo referred to <s>Maj Nidal Hasan</s>, an army psychiatrist accused of killing 13 <t>people</t> in a 2009 shooting at Fort Hood, and told the court he remained in the accused's shadow despite ""efforts to outdo him"".",1,1,Conflict.Attack.Unspecified
"Abdo referred to <s>Maj Nidal Hasan</s>, an army psychiatrist accused of killing 13 people in a 2009 shooting at <t>Fort Hood</t>, and told the court he remained in the accused's shadow despite ""efforts to outdo him"".",1,1,Conflict.Attack.Unspecified
<s>Dzhokhar Tsarnaev</s> visits Silva and borrows the Ruger pistol — the gun that was later used to kill MIT <t>police</t> officer Sean Collier and during the shootout with <t>police</t> in Watertown.,1,1,Conflict.Attack.Unspecified
"A <s>patient</s> shoots at a doctor in a university <t>clinic</t> in Steglitz, a southwestern district of Berlin, before shooting himself.",1,1,Conflict.Attack.Unspecified
"A <s>patient</s> shoots at a <t>doctor</t> in a university clinic in Steglitz, a southwestern district of Berlin, before shooting himself.",1,1,Conflict.Attack.Unspecified
Eyewitnesses say a car crashed into pedestrians on nearby Westminster bridge before an <t>assailant</t> stabbed a <s>police</s>man and was shot by <s>police</s> outside the parliament building.,1,1,Conflict.Attack.Unspecified
"July 18, 2016 - A 17-year-old Afghan <t>refugee</t> wielding an axe and a knife attacks passengers on a train in southern Germany, severely wounding four, before being shot dead by <s>police</s>.",1,1,Conflict.Attack.Unspecified
The elder <t>Tsarnaev</t> died after being shot by <s>police</s> and inadvertently driven over by Dzhokhar as the two brothers attempted to flee the Boston area.,1,1,Conflict.Attack.Unspecified
"On April 18, as police widened their search for the alleged bombers, the <s>brothers</s> shot and killed a police <t>officer</t> at the Massachusetts Institute of Technology in Cambridge, according to the grand jury indictment.",1,1,Conflict.Attack.Unspecified
Eyewitnesses say a car crashed into pedestrians on nearby Westminster bridge before an <s>assailant</s> stabbed a <t>policeman</t> and was shot by police outside the parliament building.,1,1,Conflict.Attack.Unspecified
"June 14, 2016 - A <s>Frenchman</s> of Moroccan origin stabs a police <t>commander</t> to death outside his home in a Paris suburb and kills his partner, who also worked for the police.",1,1,Conflict.Attack.Unspecified
"He was spurred to action by the events of the Waco siege, where the <s>FBI</s> engaged in a 51-day standoff with the Branch Davidians, a small religious <t>group</t> suspected of owning illegal weapons.",1,1,Conflict.Attack.Unspecified
"He was spurred to action by the events of the <t>Waco</t> siege, where the <s>FBI</s> engaged in a 51-day standoff with the Branch Davidians, a small religious group suspected of owning illegal weapons.",1,1,Conflict.Attack.Unspecified
"In 1992, the Weaver <t>family</t> entered into their own standoff against federal <s>agents</s>, after Randy Weaver failed to show up to court on illegal weapons charges.",1,1,Conflict.Attack.Unspecified
"The United Kingdom has reported only one civilian casualty incident, in which four civilians were killed and two civilians injured in a remotely piloted aircraft strike by the <s>Royal Air Force</s> in <t>Afghanistan</t> on 25 March 2011, Emmerson's report states.",1,1,Conflict.Attack.Unspecified
"But Emmerson ""identified a number of sample strikes in which there are credible allegations that <t>civilians</t> were killed or injured as the result of <s>Israeli</s> drone strikes in Gaza"".",1,1,Conflict.Attack.Unspecified
"But Emmerson ""identified a number of sample strikes in which there are credible allegations that civilians were killed or injured as the result of <s>Israeli</s> drone strikes in <t>Gaza</t>"".",1,1,Conflict.Attack.Unspecified
"The dead assailant, who was older than most Islamist <s>attackers</s> involved in recent spectacular terror attacks in <t>Europe</t>, had been a teacher of English and was known as a fanatical bodybuilder.",1,1,Conflict.Attack.Unspecified
"<s>Indonesia</s> successfully combated the JI related <t>terrorist</t> threat through police action, intelligence operations and high profile criminal prosecutions.",1,0,Conflict.Defeat.Unspecified
"<s>Protesters</s> clash with Venezuelan <t>security forces</t>. Thousands have been arrested, and many allege mistreatment.",1,1,Conflict.Demonstrate.DemonstrateWithViolence
"On Saturday, the <s>mosque</s> posted a long note on its front door, which was photographed and uploaded to Twitter by several people, including <t>Steve Annear</t>, a freelance journalist and contributor to Boston Magazine.",0,0,Contact.Contact.Broadcast
"(Massachusetts Congressman <s>Stephen Lynch</s>, reiterating what doctors at multiple hospitals had reported at briefings of their own Monday night, told <t>Yahoo News</t> that many victims were struck by what appeared to be metal ball bearings.)",0,0,Contact.Contact.Broadcast
"<s>Tsarnaev</s> also interrupted a talk last November when a <t>speaker</t> said it was fine for people to celebrate holidays such as Thanksgiving and July 4, in the same way you celebrate the birthday of the Prophet.",0,1,Contact.Contact.Correspondence
"We know that the government has its reasons for seeking the death penalty, <s>Bill</s> and <t>Denise Richard</t> wrote in an essay in The Boston Globe last week, ""but the continued pursuit of that punishment could bring years of appeals and prolong the most painful day of our lives.""",0,1,Contact.Contact.Correspondence
Senators <t>Lindsey Graham</t> and <s>Jeanne Shaheen</s> ate there when they visited Syria in July 2018.,0,0,Contact.Contact.Meet
"U.S. President Donald Trump, Defense Secretary <t>Patrick Shanahan</t>, and Secretary of State <s>Mike Pompeo</s> attend the Dignified Transfer of Remains Ceremony, 19 January 2019.",0,0,Contact.Contact.Meet
"U.S. President <t>Donald Trump</t>, Defense Secretary Patrick Shanahan, and Secretary of State <s>Mike Pompeo</s> attend the Dignified Transfer of Remains Ceremony, 19 January 2019.",0,0,Contact.Contact.Meet
"U.S. President <t>Donald Trump</t>, Defense Secretary <s>Patrick Shanahan</s>, and Secretary of State Mike Pompeo attend the Dignified Transfer of Remains Ceremony, 19 January 2019.",0,0,Contact.Contact.Meet
"Reprieve, which filed two lawsuits on behalf of alleged drone <t>victim</t>s in May of 2012, arranged, paid for and collaborated on many of the <t>victim</t> interviews conducted by the Stanford-NYU <s>researchers</s>.",0,0,Contact.Contact.Meet
"WASHINGTON — In March 2011, the Russian security service sent a stark warning to the F.B.I., reporting that <s>Tamerlan Tsarnaev</s> was “a follower of radical Islam” who had “changed drastically since 2010” and was preparing to travel to Russia’s turbulent Caucasus to connect with <t>underground militant groups</t>.",0,1,Contact.Contact.Meet
"By the report’s own admission, the research project it undertook in Pakistan to interview family <t>members</t> of drone strike victims was commissioned by <s>Reprieve</s>, a UK based advocacy organization.",0,0,Contact.Contact.Meet
"George <t>police</t> interviewed the <s>boy</s> who took classes at Pineview High, Hurricane <t>police</t> were called.",0,1,Contact.Contact.Meet
US <s>officials</s> have met Taliban <t>representatives</t> in a number of countries.,0,0,Contact.Contact.Meet
We can also look back to 4 July when <s>Tony Blair</s> and Bertie Ahern met the pro-Good Friday Agreement <t>parties</t> at Hillsborough Castle.,0,0,Contact.Contact.Meet
We can also look back to 4 July when <s>Tony Blair</s> and <t>Bertie Ahern</t> met the pro-Good Friday Agreement parties at Hillsborough Castle.,0,0,Contact.Contact.Meet
We can also look back to 4 July when Tony Blair and <t>Bertie Ahern</t> met the pro-Good Friday Agreement <s>parties</s> at Hillsborough Castle.,0,0,Contact.Contact.Meet
"Meanwhile, the <s>Taliban</s> said it met with U.S. <t>officials</t> in Qatar on Monday, in the latest round of talks between the insurgents and Washington aimed at bringing an end to the 17-year war.",0,0,Contact.Contact.Meet
<s>CNN</s> has reached out to the Richard <t>family</t> for comment on Friday's ruling.,0,0,Contact.Contact.Meet
U.S. <t>prosecutors</t> showed the 12-member <s>jury</s> a photo of Tsarnaev giving the middle finger to a surveillance camera the day of his first court appearance in 2013.,0,1,Contact.Contact.Meet
"US officials say the lull was a response to requests by the Pakistani <s>government</s>, which has been trying to launch peace talks with the <t>Pakistani Taliban</t>.",0,0,Contact.Contact.Meet
<t>Dzhokhar Tsarnaev</t> visits <s>Silva</s> and borrows the Ruger pistol — the gun that was later used to kill MIT police officer Sean Collier and during the shootout with police in Watertown.,0,1,Contact.Contact.Meet
In February 1975 the <s>Provisional Irish Republican Army</s> agreed to a truce and ceasefire with the British government and the <t>Northern Ireland Office</t>.,0,0,Contact.Contact.Unspecified
In February 1975 the <s>Provisional Irish Republican Army</s> agreed to a truce and ceasefire with the <t>British government</t> and the Northern Ireland Office.,0,0,Contact.Contact.Unspecified
"Police believe the alleged mastermind of the Jakarta attack, an Indonesian fighting with Islamic State in Syria called <s>Bahrun Naim</s>, used social media to communicate his radical ideas to <t>followers</t> in Indonesia.",0,1,Contact.Contact.Unspecified
"The <s>ELN</s>, however, persisted that the <t>Colombian government</t> should continue dialogue without making any demands towards the group.",1,0,Contact.Contact.Unspecified
"Cuba shared condolences with Colombia, with its foreign ministry stating Cuba ""will act with strict respect for the Protocols of Dialogue and Peace signed by the <s>Government</s> and the <t>ELN</t>, including the Protocol in Case of a Rupture in Negotiations"".",0,0,Contact.Contact.Unspecified
President Iván Duque Márquez announced on 18 January that peace dialogue between the <s>Government of Colombia</s> and the <t>ELN</t> was officially suspended.,1,1,Contact.Contact.Unspecified
"By June, the <s>organisation</s> felt confident enough to call a ceasefire and hold secret talks with British <t>ministers</t> in London.",0,0,Contact.Contact.Unspecified
<t>Firefighters</t> interviewed by <s>the Associated Press</s> claimed that the bangs heard were caused by a gas tank explosion in a nearby apartment.,0,0,Contact.Contact.Unspecified
"According to InSight Crime, the <s>ELN</s> and FARC <t>dissidents</t> allegedly met together in Venezuela to form a potential alliance in October 2018.",0,0,Contact.Contact.Unspecified
"It says that on Bloody Friday, July 21 1972, and on other occasions the <s>IRA</s>'s actions resulted in the deaths of non-combatants and the <s>IRA</s> offers its sincere apologies and condolences to their <t>families</t>.",0,0,Contact.Contact.Unspecified
"In the last year-and-half both <s>Abedi</s> and his older <t>brother</t>, 23-year-old Ismail, were active on social media sites, praising jihadists.",0,1,Contact.Contact.Unspecified
One police <s>officer</s> at the scene recalled the events for the <t>BBC</t> series Provos in 1997.,0,0,Contact.Contact.Unspecified
"The statement from the <s>IRA</s> was received by <t>An Phoblacht</t> (Republican News) on Tuesday, 16 July:",0,0,Contact.Contact.Unspecified
It was also alleged that former FARC commander <t>Iván Márquez</t> participated in the talks with the <s>ELN</s>.,0,0,Contact.Contact.Unspecified
"Phil Novack, a <t>spokesman</t> for Cruz, told <s>Defense One</s> that the Senator's office is working with the Pentagon to get specific numbers.",0,0,Contact.Contact.Unspecified
"“You can do as much or more damage with a 5-pound EFP, which is aimed, as with a 200-pound conventional IED,” a Pentagon <s>analyst</s> told <t>Los Angeles Times</t> writer Andrew Cockburn in 2007.",0,0,Contact.Contact.Unspecified
"That move had been expected to be imminent, but his Belgian lawyer, <t>Sven Mary</t>, told <s>journalists</s> Thursday that Abdeslam’s extradition would not happen for several weeks.",0,0,Contact.Contact.Unspecified
"A local imam, <s>Mohammed Saeed</s>, told British <t>newspapers</t> Abedi stopped attending his mosque in 2015 after they argued over IS.",0,1,Contact.Contact.Unspecified
12.15 pm – President <s>Maithripala Sirisena</s> appeals for <t>people</t> to keep calm,1,0,Contact.RequestCommand.Broadcast
"Responding to the spiraling tensions, the <s>U.S. State Department</s> ordered the departure of family members of <t>American</t> staff at its embassy in Caracas.",1,1,Contact.RequestCommand.Broadcast
<s>Police</s> have urged <t>people</t> to avoid the area.,1,1,Contact.RequestCommand.Broadcast
"<s>Tsarnaev</s>, then 19, talks to his close friend, <t>Stephen Silva</t>, about borrowing Silva’s 9mm P95 Ruger semi-automatic pistol.",0,1,Contact.RequestCommand.Correspondence
"The <s>opposition</s> responded by calling for nationwide mobilization, asking <t>citizens</t> to take to the streets from the Caribbean Sea to the Andes Mountains.",1,1,Contact.RequestCommand.Unspecified
<s>Government</s> opponents are begging <t>Venezuelans</t> to sit out a vote on Sunday for what they see as a puppet congress and the last step toward dictatorship in this South American country.,1,1,Contact.RequestCommand.Unspecified
After the Jakarta attack there have been demonstrations by Indonesian <s>Muslims</s> to denounce terrorism and call for the <t>government</t> to eradicate radical militants and supporters of Islamic State in the country.,1,1,Contact.RequestCommand.Unspecified
"In August 1999, an Islamic <s>body</s> declared an independent state in parts of Dagestan and Chechnya, and called on <t>Muslims</t> to take up arms against Russia in a holy war.",1,1,Contact.RequestCommand.Unspecified
"French Interior Minister <s>Christophe Castaner</s> said he has instructed all <t>police</t> prefects to ""reinforce the security of public sites and events.""",1,0,Contact.RequestCommand.Unspecified
"<s>Managers</s> are responsible for making sure the <t>workers</t> participate, and have lists saying where each worker votes.",1,1,Contact.RequestCommand.Unspecified
"At each department, the <s>manager</s> is responsible for making sure <t>his people</t> vote.",0,0,Contact.RequestCommand.Unspecified
British security services acknowledged <t>Abedi</t> was known to them — there are some reports the intelligence <s>service</s> may have tried to persuade him to act as an informant — but they did not see him as a high risk.,1,0,Contact.RequestCommand.Unspecified
"But again, I urge <t>people</t> in Bali not to be afraid, but they should stay alert,"" said Bali Police Chief <s>Sugeng Priyanto</s>.",1,0,Contact.RequestCommand.Unspecified
Maduro has acknowledged that <s>the government</s> is pressuring public <t>employees</t> to vote.,1,1,Contact.ThreatenCoerce.Broadcast
"The letter was sent by an<s> anonymous individual</s> to <t>Buleleng district</t>, and the police are still conducting an investigation, and trying to find out who sent the letter.",1,0,Contact.ThreatenCoerce.Correspondence
Indonesian <t>Police</t> Receive <s>Terrorist</s> Threat Targeting Bali,1,1,Contact.ThreatenCoerce.Unspecified
"The <s>United States</s> warned it would sanction <t>Venezuela</t> and anyone who joins the new legislation body, if Maduro goes through with a July 30 vote.",1,1,Contact.ThreatenCoerce.Unspecified
"At the time of his arrest, the <s>authorities</s> found bomb-making materials in his <t>motel room</t>.",1,1,Justice.ArrestJailDetain.Unspecified
France Lyon: <s>Police</s> arrest <t>suspects</t> in parcel bomb attack Published duration 27 May 2019,1,1,Justice.ArrestJailDetain.Unspecified
<t>France Lyon</t>: <s>Police</s> arrest suspects in parcel bomb attack Published duration 27 May 2019,1,1,Justice.ArrestJailDetain.Unspecified
"An ISIS-inspired Utah <t>teen</t> has been arrested after bringing a homemade bomb to his high school and attempting to detonate it, <s>police</s> said.",1,1,Justice.ArrestJailDetain.Unspecified
"Rowley, head of counterterrorism efforts for London’s <s>Metropolitan Police Service</s>, said the eight <t>people</t> arrested Thursday were picked up during searches at six separate locations, and that investigations were continuing in London, Birmingham and other parts of England.",1,0,Justice.ArrestJailDetain.Unspecified
"Rowley, head of counterterrorism efforts for London’s <s>Metropolitan Police Service</s>, said the eight people arrested Thursday were picked up during searches at <t>six separate locations</t>, and that investigations were continuing in London, Birmingham and other parts of England.",1,0,Justice.ArrestJailDetain.Unspecified
"French <s>police</s> have arrested four <t>people</t> after a suspected parcel bomb exploded in Lyon last week, injuring 13 <t>people</t>.",1,1,Justice.ArrestJailDetain.Unspecified
A source told news agency Reuters that <s>police</s> arrested him in <t>Lyon</t> after tailing him in the street.,1,1,Justice.ArrestJailDetain.Unspecified
U.S. federal <s>agents</s> arrested the two <t>Kazakhs</t> and an American for allegedly helping Dzhokhar Tsarnaev destroy evidence.,1,1,Justice.ArrestJailDetain.Unspecified
U.S. federal <s>agents</s> arrested the two Kazakhs and an <t>American</t> for allegedly helping Dzhokhar Tsarnaev destroy evidence.,1,1,Justice.ArrestJailDetain.Unspecified
<t>Farnsworth</t> was arrested last year after <s>police</s> said he brought a backpack loaded with a bomb to Pine View High.,1,1,Justice.ArrestJailDetain.Unspecified
<s>Police</s> arrested <t>Ismail</t> Monday night hours after the blast.,1,1,Justice.ArrestJailDetain.Unspecified
"<t>Protesters</t> clash with Venezuelan <s>security forces</s>. Thousands have been arrested, and many allege mistreatment.",1,1,Justice.ArrestJailDetain.Unspecified
<t>London</t> <s>police</s> said Friday they have made two more arrests in connection with the attack near Parliament.,1,1,Justice.ArrestJailDetain.Unspecified
"The complaints suggests that <s>authorities</s> decided to make the arrests after <t>Siddiqui</t> came into “possession of multiple propane gas tanks, as well as instructions for how to transform propane tanks into explosive devices,” and told the undercover she was “disinclined” to talk about her plans.",1,1,Justice.ArrestJailDetain.Unspecified
"Tamerlan Tsarnaev died after a shootout with <s>police</s> last Thursday, while his younger brother <t>Dzhokhar</t> was captured a day later.",1,1,Justice.ArrestJailDetain.Unspecified
GNB Brigade General <t>Hector Armando Hernández Da Costa</t> was also detained by <s>intelligence forces</s> Monday night in connection with the terrorist attack.,1,1,Justice.ArrestJailDetain.Unspecified
"<s>Maduro</s> has jailed and sidelined many <t>opposition activists</t>, regularly accusing them of plotting to overthrow him.",1,1,Justice.ArrestJailDetain.Unspecified
Nineteen-year-old <t>Dzhokhar Tsarnaev</t> now faces <s>U.S.</s> federal criminal charges in connection with last week’s bombings at the Boston Marathon.,1,1,Justice.ChargeIndict.Unspecified
"In addition to the New York indictment, <t>Rahimi</t> faces charges from federal and state <s>prosecutors</s> in New Jersey.",1,1,Justice.ChargeIndict.Unspecified
Thai <s>Authorities</s> Indict <t>2</t> Over August Shrine Attack,1,1,Justice.ChargeIndict.Unspecified
"The <s>court</s> on Tuesday indicted <t>Bilal Mohammed</t> and Mieraili Yusufu on 10 counts connected to the blast, including conspiracy to explode bombs and commit premeditated murder.",1,1,Justice.ChargeIndict.Unspecified
"The <s>court</s> on Tuesday indicted Bilal Mohammed and <t>Mieraili Yusufu</t> on 10 counts connected to the blast, including conspiracy to explode bombs and commit premeditated murder.",1,1,Justice.ChargeIndict.Unspecified
A Bangkok military <s>court</s> has indicted two <t>men</t> accused of carrying out the August 17 bombing at a popular shrine that killed 20 people.,1,1,Justice.ChargeIndict.Unspecified
"Under U.S. law, United States citizens cannot be tried in military commissions and it is important to remember that since 9-11 we have used the federal <s>court</s> system to convict and incarcerate hundreds of <t>terrorists</t>,” said Carney.",1,0,Justice.Convict.Unspecified
"After two days of deliberations in a federal trial, the <s>jury</s> convicted <t>Tsarnaev</t> Wednesday of all 30 charges he faced, including 17 that carry a possible death penalty.",1,1,Justice.Convict.Unspecified
Part of the appeals <s>court</s>'s ruling was a decision to reverse three convictions for charges that <t>Tsarnaev</t> was carrying a firearm in connection with his possession of a pressure cooker bomb.,1,1,Justice.Convict.Unspecified
"The government acknowledged that it had violated a discovery order in the case, and the <s>Attorney</s> General stayed <t>McVeigh</t>'s execution for one month in order to resolve the legal issues arising from the belated disclosure.",1,0,Justice.InvestigateCrime.Unspecified
"The <s>government</s> acknowledged that it had violated a discovery order in the case, and the Attorney General stayed <t>McVeigh</t>'s execution for one month in order to resolve the legal issues arising from the belated disclosure.",1,0,Justice.InvestigateCrime.Unspecified
"The crime is so horrific that they don't have much else really to point to, other than his age and the influence of his older brother, said <s>Dan Collins</s>, a former federal prosecutor who handled the case against a suspect in the 2008 terrorist attacks in Mumbai, <t>India</t>.",1,0,Justice.InvestigateCrime.Unspecified
"The crime is so horrific that they don't have much else really to point to, other than his age and the influence of his older brother, said <s>Dan Collins</s>, a former federal prosecutor who handled the case against a <t>suspect</t> in the 2008 terrorist attacks in Mumbai, India.",1,0,Justice.InvestigateCrime.Unspecified
"The crime is so horrific that they don't have much else really to point to, other than his age and the influence of his older brother, said <s>Dan Collins</s>, a former federal prosecutor who handled the case against a suspect in the 2008 terrorist attacks in <t>Mumbai</t>, India.",1,0,Justice.InvestigateCrime.Unspecified
<s>Police</s> had been hunting for a <t>man</t> seen cycling near the scene of the blast wearing a balaclava and rucksack.,1,1,Justice.InvestigateCrime.Unspecified
<s>Police</s> had been hunting for a man seen cycling near the <t>scene of the blast</t> wearing a balaclava and rucksack.,1,1,Justice.InvestigateCrime.Unspecified
"All the <t>men</t> were interrogated by <s>Birmingham CID</s> and claimed at trial they were beaten, threatened and forced to sign state<t>men</t>ts written by the police over three days of questioning.",1,1,Justice.InvestigateCrime.Unspecified
"A string of deadly bombs <s>authorities</s> now investigating if there is a possible serial bomber on the loose in <t>Austin</t>, Texas the first bomb at a package left at a home killing 39 year old Anthony house.",1,1,Justice.InvestigateCrime.Unspecified
"A string of deadly bombs <s>authorities</s> now investigating if there is a possible serial <t>bomber</t> on the loose in Austin, Texas the first bomb at a package left at a home killing 39 year old Anthony house.",1,1,Justice.InvestigateCrime.Unspecified
"A string of deadly bombs <s>authorities</s> now investigating if there is a possible serial bomber on the loose in Austin, <t>Texas</t> the first bomb at a package left at a home killing 39 year old Anthony house.",1,1,Justice.InvestigateCrime.Unspecified
"In the immediate aftermath, the <s>authorities</s> began investigating <t>Rojas</t>'s possible connections to either the National Liberation Army (ELN) guerrilla movement, the Clan Úsuga organized crime gang, or FARC dissidents.",1,1,Justice.InvestigateCrime.Unspecified
"<s>Police</s> are also probing the links between the Abedi brothers and another British-Libyan from Manchester, <t>Abdalraouf Abdallah</t>, who was sentenced to a nine-year-prison term after being convicted of funding terrorism and preparing acts of terrorism.",1,1,Justice.InvestigateCrime.Unspecified
"<s>Police</s> are also probing the links between the Abedi <t>brothers</t> and another British-Libyan from Manchester, Abdalraouf Abdallah, who was sentenced to a nine-year-prison term after being convicted of funding terrorism and preparing acts of terrorism.",1,1,Justice.InvestigateCrime.Unspecified
"On May 8, 2001, one week before McVeigh's scheduled execution date, the <s>Department of Justice</s> and the FBI revealed to McVeigh's and <t>Nichols</t>' attorneys that over 700 investigative documents had not been disclosed to the defendants before their trials.",1,1,Justice.InvestigateCrime.Unspecified
"On May 8, 2001, one week before <t>McVeigh</t>'s scheduled execution date, the <s>Department of Justice</s> and the FBI revealed to <t>McVeigh</t>'s and Nichols' attorneys that over 700 investigative documents had not been disclosed to the defendants before their trials.",1,1,Justice.InvestigateCrime.Unspecified
"On May 8, 2001, one week before McVeigh's scheduled execution date, the Department of Justice and the <s>FBI</s> revealed to McVeigh's and <t>Nichols</t>' attorneys that over 700 investigative documents had not been disclosed to the defendants before their trials.",1,1,Justice.InvestigateCrime.Unspecified
"On May 8, 2001, one week before <t>McVeigh</t>'s scheduled execution date, the Department of Justice and the <s>FBI</s> revealed to <t>McVeigh</t>'s and Nichols' attorneys that over 700 investigative documents had not been disclosed to the defendants before their trials.",1,1,Justice.InvestigateCrime.Unspecified
"As of Tuesday morning, <s>jurors</s> began reviewing evidence and witness testimony, which will play a role in helping them decide <t>Dzhokhar Tsarnaev</t>’s guilt on each of the 30 charges he faces.",1,0,Justice.InvestigateCrime.Unspecified
"<s>Prosecutors</s> said he scrawled a motive for the attack on the inside wall of the boat, writing that the <t>brothers</t> were trying to avenge American attacks on Muslims in the U.S. wars in Iraq and Afghanistan.",1,1,Justice.InvestigateCrime.Unspecified
"A <t>property</t> in Birmingham, England, was searched by <s>police</s> following Wednesday's London attack, March 23, 2017.",1,1,Justice.InvestigateCrime.Unspecified
The <s>Tokyo District Court</s> handed down a suspended sentence Tuesday to the <t>man</t> who landed a drone on the rooftop of the Prime Minister’s Office last April.,1,0,Justice.Sentence.Unspecified
"The <s>jury</s> voted unanimously last month to condemn <t>Dzhokhar Tsarnaev</t> to death, just days after convicting him on all 30 charges brought against him -- 17 of which carried the possibility of the death penalty.",1,1,Justice.Sentence.Unspecified
"But Judge <s>George O'Toole</s> offered no sympathy for <t>Tsarnaev</t> as he handed down the death sentence, saying no one will remember the kind of person he was before the bombing.",1,1,Justice.Sentence.Unspecified
<s>Prosecutors</s> Push Death Sentence for Boston <t>Bomber Tsarnaev</t>,1,1,Justice.Sentence.Unspecified
"Today, U.S. District Judge <s>Ewing Werlein Jr.</s> handed <t>Schneck</t> a 78-month sentence to be immediately followed by three years of supervised release.",1,1,Justice.Sentence.Unspecified
"After convicting Chechen immigrant <t>Dzhokhar Tsarnaev</t> of the deadly 2013 Boston Marathon bombings, <s>jurors</s> will take a few days off before deciding whether to sentence him to death or life in prison.",1,1,Justice.Sentence.Unspecified
<s>Jurors</s> would have to vote unanimously to sentence the <t>21-year-old</t> to death.,1,1,Justice.Sentence.Unspecified
"(CNN) A federal appeals <s>court</s> ruled on Friday to vacate the death sentence of <t>Dzhokhar Tsarnaev</t> , who along with his brother planted homemade bombs near the finish of the 2013 Boston Marathon, killing three spectators and injuring hundreds.",0,1,Justice.Sentence.Unspecified
"Massachusetts state law does not allow for capital punishment, but <t>Tsarnaev</t> is being tried in federal <s>court</s>.",1,0,Justice.TrialHearing.Unspecified
"The two <t>suspects</t> are being tried at a military <s>court</s> on an army base in Bangkok because cases of “national security” have been handled by the military since last May, when the army seized power in a coup from an elected government.",1,1,Justice.TrialHearing.Unspecified
"July 26, 2016 - Two <t>attackers</t> kill a priest with a blade and seriously wound another hostage in a church in northern France before being shot dead by French <s>police</s>.",1,1,Life.Die.Unspecified
"<t>Aaron Driver</t>, 24, was shot dead by <s>police</s> on Aug. 10 and the taxi company in the small town said the driver sustained only minor injuries in the blast.",1,1,Life.Die.Unspecified
(CNN) Colombia's <s>National Liberation Army</s> (ELN) is claiming to have carried out the car bomb attack at a police academy in Bogota last week that left at least <t>20</t> dead.,1,1,Life.Die.Unspecified
"“Whether the number is 500 lives or 196 is immaterial; the fact remains that General Solei<s>man</s>i — a <s>man</s> responsible for the deaths of hundreds of American service <t>members</t> — will receive sanctions relief to the tune of millions of dollars if this deal is approved.""",1,1,Life.Die.Unspecified
"The <s>unit</s> would eventually end up planting close to 50 bombs in London and elsewhere in southern England and carrying out several shootings which, along with the bombings, caused the deaths of nearly 20 <t>people</t>, injured hundreds and caused millions of pounds worth of damage to property.",1,1,Life.Die.Unspecified
"But in a counterpoint to the blunt ""it was him"" admission of her opening statement, Clarke told the jury that <t>Tamerlan</t>, who died four days after the bombing following a gunfight with <s>police</s>, had planned the attack and built the bombs.",1,1,Life.Die.Unspecified
<t>Tamerlan</t> died in an explosive firefight with <s>police</s> in nearby Watertown.,1,1,Life.Die.Unspecified
Tamerlan died in an explosive firefight with <s>police</s> in nearby <t>Watertown</t>.,1,1,Life.Die.Unspecified
"<t>Tamerlan Tsarnaev</t> died after a shootout with <s>police</s> last Thursday, while his younger brother Dzhokhar was captured a day later.",1,1,Life.Die.Unspecified
"July 26, 2016 - Two <s>attackers</s> kill a <t>priest</t> with a blade and seriously wound another hostage in a church in northern France before being shot dead by French police.",1,1,Life.Die.Unspecified
<s>Dzhokhar Tsarnaev</s> visits Silva and borrows the Ruger pistol — the gun that was later used to kill MIT police officer <t>Sean Collier</t> and during the shootout with police in Watertown.,1,1,Life.Die.Unspecified
Why did my own <s>people</s> kill my <t>mummy</t>?,1,1,Life.Die.Unspecified
<s>Authorities</s> say he planned to kill American <t>soldiers</t>.,1,1,Life.Die.Unspecified
"On 10 April 2015, one of the <t>men</t> implicated in the bombings was killed by Lebanese security <s>forces</s>.",1,1,Life.Die.Unspecified
"On 10 January 2015, nine <t>people</t> were killed and more than 30 wounded when two suicide <s>bombers</s> blew themselves up in a crowded café in Jabal Mohsen, Tripoli, Lebanon.",1,1,Life.Die.Unspecified
"On 10 January 2015, nine people were killed and more than 30 wounded when two suicide <s>bombers</s> blew themselves up in a crowded café in <t>Jabal Mohsen</t>, Tripoli, Lebanon.",1,1,Life.Die.Unspecified
The <s>attackers</s> used two car bombs which killed two <t>civilians</t> and injured 80 others.,1,1,Life.Die.Unspecified
Pro-government <s>forces</s> killed 717 <t>Afghans</t> and wounded 680 in the six months to June 30 – a 31 percent increase from 2018.,1,1,Life.Die.Unspecified
"One, a Russian-Canadian named <t>William Plotnikov</t>, was killed by <s>police</s> on July 14, 2012.",1,1,Life.Die.Unspecified
"A few weeks later, at the July 29 hearing, Gen. Martin Dempsey, the outgoing Joint Chiefs chairman, said “several hundred” American <t>forces</t> were killed by <s>EFPs</s>.",1,1,Life.Die.Unspecified
"Cruz “asked Secretary Carter to inform the families of the 500 service <t>members</t> who were killed by Iranian <s>EFPs</s> that their loved ones were murdered by the same man who will now receive sanctions relief,” Novack said in an email.",1,1,Life.Die.Unspecified
"During the hearing, Dunford said the numbers of American <t>soldiers</t> killed by <s>Iran</s> “has been recently quoted as about 500.”",1,1,Life.Die.Unspecified
"It is “important to understand that the CENTCOM statistics on EFP detonations are a subset of all the Iranian activities estimated to have killed approximately 500 U.S. <t>troops</t> in <s>Iraq</s> during OIF,” Maj. Genieve David, a CENTCOM spokeswoman, said in an email.",1,1,Life.Die.Unspecified
"Sen. Ted Cruz, a Texas Republican who is also running for president, and others in Congress have said that <s>EFPs</s> had killed more than 500 <t>troops</t>.",1,1,Life.Die.Unspecified
"Between October 2006 and September 2007, <s>EFPs</s> killed 97 U.S. <t>troops</t> and wounded more than 300 soldiers.",1,1,Life.Die.Unspecified
"The deadliest month was April 2008, when <s>EFPs</s> killed 15 U.S. <t>soldiers</t>.",1,1,Life.Die.Unspecified
"On 5 September 2019, at least 12 people, including an American service member and a Romanian <t>soldier</t>, were killed and more than 40 injured when a suicide car <s>bomber</s> exploded in a heavily fortified area of central Kabul, close to the Afghan security offices.",1,1,Life.Die.Unspecified
"On 5 September 2019, at least 12 people, including <t>an American service member</t> and a Romanian soldier, were killed and more than 40 injured when a suicide car <s>bomber</s> exploded in a heavily fortified area of central Kabul, close to the Afghan security offices.",1,1,Life.Die.Unspecified
"On 5 September 2019, at least 12 <t>people</t>, including an American service member and a Romanian soldier, were killed and more than 40 injured when a suicide car <s>bomber</s> exploded in a heavily fortified area of central Kabul, close to the Afghan security offices.",1,1,Life.Die.Unspecified
"On 5 September 2019, at least 12 people, including an American service member and a Romanian soldier, were killed and more than 40 injured when a suicide car <s>bomber</s> exploded in a heavily fortified area of central <t>Kabul</t>, close to the Afghan security offices.",1,1,Life.Die.Unspecified
"<s>Tsarnaev</s> and his older brother, Tamerlan, killed a police <t>officer</t> several days later just prior to a car chase and shootout that left Tamerlan dead.",1,1,Life.Die.Unspecified
"Tsarnaev and his older brother, <s>Tamerlan</s>, killed a police <t>officer</t> several days later just prior to a car chase and shootout that left <s>Tamerlan</s> dead.",1,1,Life.Die.Unspecified
"Police officials identified the attacker who killed four <t>people</t> near Parliament as <s>Khalid Masood</s>, a Briton who converted to Islam and had a lengthy criminal record for weapons possession and other charges.",1,1,Life.Die.Unspecified
"Police officials identified the attacker who killed four people near <t>Parliament</t> as <s>Khalid Masood</s>, a Briton who converted to Islam and had a lengthy criminal record for weapons possession and other charges.",1,1,Life.Die.Unspecified
These are the words of Pat Arthus who was just 14-years-old when a <s>loyalist</s> bomb ripped through a bar in a Catholic area of Belfast and killed her <t>mother</t>.,1,1,Life.Die.Unspecified
"<t>Tamerlan Tsarnaev</t> was killed days after the April 15, 2013, blasts, when he was shot by <s>police</s> and run over by his brother during a chaotic getaway attempt.",1,1,Life.Die.Unspecified
<t>Tamerlan</t> was killed in a <s>police</s> shootout three days after he and his younger brother allegedly set off two bombs at the Boston Marathon finish line.,1,1,Life.Die.Unspecified
"The <s>brothers</s>, while on the run, killed Massachusetts Institute of Technology police officer <t>Sean Collier</t>.",1,1,Life.Die.Unspecified
<t>Tamerlan Tsarnaev</t> was killed in a shootout with <s>police</s> a few days after the bombing.,1,1,Life.Die.Unspecified
"A magnetic bomb on a minibus, killing eight <t>people</t> and minutes later a suicide <s>bomber</s> killed seven <t>people</t>.",1,1,Life.Die.Unspecified
"Questions have been raised in recent days about the political and religious beliefs of Tamerlan Tsarnaev, the Boston Marathon bombing <t>suspect</t> killed in a gunfight with <s>police</s> in the early hours of Friday.",1,1,Life.Die.Unspecified
"Questions have been raised in recent days about the political and religious beliefs of <t>Tamerlan Tsarnaev</t>, the Boston Marathon bombing suspect killed in a gunfight with <s>police</s> in the early hours of Friday.",1,1,Life.Die.Unspecified
"Adept at interspersing Islamist rhetoric with pop-culture references, Awlaki had been described as a “pied piper for Western ears”: one admirer was Nidal Malik Hasan, the U.S. Army <s>officer</s> who killed 13 U.S. <t>soldiers</t> at Fort Hood, Texas, in 2009.",1,1,Life.Die.Unspecified
"Adept at interspersing Islamist rhetoric with pop-culture references, Awlaki had been described as a “pied piper for Western ears”: one admirer was Nidal Malik Hasan, the U.S. Army <s>officer</s> who killed 13 U.S. soldiers at Fort Hood, <t>Texas</t>, in 2009.",1,1,Life.Die.Unspecified
"Who constitutes a civilian is often unclear; when trying to kill the Pakistani Taliban leader Baitullah Mehsud, for example, the <s>United States</s> also killed his <t>doctor</t>.",1,1,Life.Die.Unspecified
"According to data compiled by the New America Foundation, since Obama has been in the White House, <s>U.S</s>. drones have killed an estimated 3,300 al Qaeda, Taliban, and other jihadist operatives in <t>Pakistan</t> and Yemen.",1,1,Life.Die.Unspecified
"According to data compiled by the New America Foundation, since Obama has been in the White House, <s>U.S</s>. drones have killed an estimated 3,300 al Qaeda, Taliban, and other jihadist operatives in Pakistan and <t>Yemen</t>.",1,1,Life.Die.Unspecified
"According to data compiled by the New America Foundation, since Obama has been in the White House, <s>U.S</s>. drones have killed an estimated 3,300 al Qaeda, Taliban, and other jihadist <t>operatives</t> in Pakistan and Yemen.",1,1,Life.Die.Unspecified
"In April, more than two dozen Syrian pro-regime <t>fighters</t> were killed in <s>IS</s> attacks in Badia al-Sukhnah and Badia al-Sham, prompting Russian airstrikes, according to the Syrian Observatory for Human Rights.",1,1,Life.Die.Unspecified
"Earlier in the year, the IRA had experienced a massive propaganda and recruitment boost after the <s>Parachute Regiment</s> killed 13 <t>protesters</t> during Bloody Sunday in Derry.",1,1,Life.Die.Unspecified
"Earlier in the year, the IRA had experienced a massive propaganda and recruitment boost after the <s>Parachute Regiment</s> killed 13 protesters during Bloody Sunday in <t>Derry</t>.",1,1,Life.Die.Unspecified
"<s>The Taliban</s> killed more than 100 <t>members</t> of the Afghan security forces inside a military compound in central Maidan Wardak province on Monday, a senior defense official said.",1,1,Life.Die.Unspecified
"March 22, 2016 - Three Islamic State suicide <s>bombers</s>, all Belgian nationals, blow themselves up at Brussels airport and in a metro train in the Belgian capital, killing 32 <t>people</t>.",1,1,Life.Die.Unspecified
"July 14, 2016 - A <s>gunman</s> drives a heavy truck into a crowd celebrating Bastille Day in the French city of Nice, killing 86 <t>people</t> and injuring scores more in an attack claimed by Islamic State.",1,1,Life.Die.Unspecified
"July 24, 2016 - A 21-year-old Syrian <s>refugee</s> is arrested after killing a pregnant <t>woman</t> and wounding two people with a machete in the southwestern German city of Reutlingen, near Stuttgart.",1,1,Life.Die.Unspecified
"At about 2:50 p.m., two homemade pressure-cooker bombs are detonated remotely by the <s>Tsarnaevs</s> near the finish line of the Boston Marathon, killing <t>three</t> and injuring some 260 others.",1,1,Life.Die.Unspecified
"(CNN) A federal appeals court ruled on Friday to vacate the death sentence of <s>Dzhokhar Tsarnaev</s> , who along with his brother planted homemade bombs near the finish of the 2013 Boston Marathon, killing three <t>spectators</t> and injuring hundreds.",1,1,Life.Die.Unspecified
"France has been on high-alert since the <s>""Islamic State"" militant group</s> launched a series of attacks across Paris, killing 130 <t>people</t> and injuring scores more.",1,1,Life.Die.Unspecified
"On December 21, 2015 in Bagram, a suicide <s>bomber</s> blew himself up, killing six <t>NATO service members</t>.",1,1,Life.Die.Unspecified
"The <s>brothers</s> allegedly set off two bombs alongside the Boston Marathon course, killing three <t>people</t> and injuring 264.",1,1,Life.Die.Unspecified
"The <t>man</t>, who interior ministry spokes<t>man</t> says had earlier fired a potshot at police during an identity check before fleeing, is shot dead in the Orly incident by other <s>members</s> of soldier patrol unit.",1,1,Life.Die.Unspecified
The two <s>brothers</s> also fatally shot a police <t>officer</t> as they tried to elude a massive police manhunt.,1,1,Life.Die.Unspecified
<s>The brothers</s> also shot to death a university patrol <t>officer</t> while attempting to flee authorities.,1,1,Life.Die.Unspecified
"Later, several thousand people gathered at the Massachusetts Institute of Technology for a memorial service for campus policeman <t>Sean Collier</t>, who authorities say the Tsarnaev <s>brothers</s> shot to death three days after the bombings.",1,1,Life.Die.Unspecified
"The opposition on Thursday called for three days of massive, nationwide protests as <s>the government</s> showed no willingness to back down and following the slaying of seven more <t>demonstrators</t> in two days.",1,1,Life.Die.Unspecified
"Bands of pro-government toughs — known as <s>colectivos</s> — roam poor neighborhoods, waving guns, intimidating protesters and journalists, beating opposition <t>politicians</t>, and warning locals to toe the government line.",1,1,Life.Injure.Unspecified
<s>Masood</s>’s vehicle hit the <t>Cochrans</t> as they crossed Westminster Bridge.,1,1,Life.Injure.Unspecified
"The United Kingdom has reported only one civilian casualty incident, in which four <t>civilians</t> were killed and two <t>civilians</t> injured in a remotely piloted aircraft strike by the <s>Royal Air Force</s> in Afghanistan on 25 March 2011, Emmerson's report states.",1,0,Life.Injure.Unspecified
"According to the first comprehensive accounting, between November 2005 and December 2011, 1,526 <s>EFPs</s> killed a total of 196 U.S. <t>troops</t> and injured 861.",1,1,Life.Injure.Unspecified
"According to the first comprehensive accounting, between November 2005 and December 2011, 1,526 <s>EFPs</s> killed a total of 196 U.S. troops and injured <t>861</t>.",1,1,Life.Injure.Unspecified
"On 5 September 2019, at least 12 people, including an American service member and a Romanian soldier, were killed and more than <t>40</t> injured when a suicide car <s>bomber</s> exploded in a heavily fortified area of central Kabul, close to the Afghan security offices.",1,1,Life.Injure.Unspecified
"The <s>unit</s> would eventually end up planting close to 50 bombs in London and elsewhere in southern England and carrying out several shootings which, along with the bombings, caused the deaths of nearly 20 people, injured <t>hundreds</t> and caused millions of pounds worth of damage to property.",1,1,Life.Injure.Unspecified
"(CNN) A federal appeals court ruled on Friday to vacate the death sentence of <s>Dzhokhar Tsarnaev</s> , who along with his brother planted homemade bombs near the finish of the 2013 Boston Marathon, killing three spectators and injuring <t>hundreds</t>.",1,1,Life.Injure.Unspecified
"The <s>brothers</s> allegedly set off two bombs alongside the Boston Marathon course, killing three people and injuring <t>264</t>.",1,1,Life.Injure.Unspecified
The Islamic State group has claimed responsibility for an attack by a <s>man</s> who plowed an SUV into pedestrians and then stabbed a police <t>officer</t>.,1,1,Life.Injure.Unspecified
"July 26, 2016 - Two <s>attackers</s> kill a priest with a blade and seriously wound another <t>hostage</t> in a church in northern France before being shot dead by French police.",1,1,Life.Injure.Unspecified
"On 10 January 2015, nine people were killed and more than <t>30</t> wounded when two suicide <s>bombers</s> blew themselves up in a crowded café in Jabal Mohsen, Tripoli, Lebanon.",1,1,Life.Injure.Unspecified
Pro-government <s>forces</s> killed 717 Afghans and wounded <t>680</t> in the six months to June 30 – a 31 percent increase from 2018.,1,1,Life.Injure.Unspecified
"Between October 2006 and September 2007, <s>EFPs</s> killed 97 U.S. troops and wounded more than 300 <t>soldiers</t>.",1,1,Life.Injure.Unspecified
"July 18, 2016 - A 17-year-old Afghan <s>refugee</s> wielding an axe and a knife attacks passengers on a train in southern Germany, severely wounding <t>four</t>, before being shot dead by police.",1,1,Life.Injure.Unspecified
"July 24, 2016 - A 21-year-old Syrian <s>refugee</s> is arrested after killing a pregnant woman and wounding two <t>people</t> with a machete in the southwestern German city of Reutlingen, near Stuttgart.",1,1,Life.Injure.Unspecified
A Syrian <s>man</s> wounds 15 <t>people</t> when he blows himself up outside a music festival in Ansbach in southern Ger<s>man</s>y.,1,1,Life.Injure.Unspecified
"Ahead of Thursday's vote in a snap post-Brexit parliamentary election, which <s>May</s> called with the expectation of securing a landslide victory, the terror attack is undermining the air of dogged competence <s>May</s> carefully crafted as the country's <t>home secretary</t>, a post she held for six years and relinquished on becoming prime minister last year.",0,1,Personnel.EndPosition.Unspecified
They said: how many <s>small armies</s> had defeated <t>larger armies</t> by the will of Allah.,1,1,Conflict.Defeat.Unspecified
