sentence,gold_root,pred_root
"The <s>US Congress</s> agreed to lift embargoes on pharmaceutical sales in late February to <t>Iran, Libya, North Korea, Sudan</t>, and with strings attached, Cuba.",AGREE,AGREE
"The <s>US Congress</s> agreed to lift embargoes on pharmaceutical sales in late February to Iran, Libya, North Korea, Sudan, and with strings attached, <t>Cuba</t>.",AGREE,AGREE
Senior <s>Hungarian</s> and <t>Romanian</t> officials agreed on Wednesday that their countries should cooperate to encourage <t>Romanian</t> refugees in Hungary to return home.,AGREE,AGREE
"The <s>Asia-Pacific Economic Cooperation</s> (APEC) forum has agreed to set up an energy research center in <t>Tokyo</t> to further develop its regional energy projections, officials said Thursday.",AGREE,AGREE
"The <s>United States</s> and <t>Jordan</t> have agreed upon a new free-trade pact between the two countries, the White House announced Tuesday.",AGREE,AGREE
"<s>Jordan</s> and <t>Britain</t> have agreed to undertake joint military exercises this month, a <s>Jordan</s>ian official confirmed.",AGREE,AGREE
"<s>Libya</s> has offered to hand over to an <t>Arab country</t> two of its nationals suspected by the West of blowing up a Pan Am plane in 1988, a state-owned Egyptian newspaper said.",AGREE,AID
"<s>Israel</s> and the <t>Palestinians</t> reached a consensus to exchange information on water resources on the second day of a multilateral conference on water problems in the Middle East here Thursday, the meeting's co-chairman said.",AGREE,AGREE
"The <s>Turkish-Cypriot</s> and <t>Greek-Cypriot</t> sides of this divided Mediterranean island have agreed to share information Friday on missing people from both communities, a UN official said on Monday.",AGREE,AGREE
"<s>Portugal</s> will support <t>Turkey</t>'s efforts to become a full member of the European Community, Portuguese President Mario Soares said on Tuesday.",AGREE,SUPPORT
<s>Hungary</s> has said it will support a <t>U.N. Security Council</t> resolution that aims to tighten sanctions and impose a naval blockade against neighboring Yugoslavia.,AGREE,SUPPORT
"<s>NATO-member Norway</s> is willing to send material to help defend <t>Saudi Arabia</t> if it is attacked, Norway's foreign minister said.",AGREE,AGREE
"<s>Finland</s> will give <t>Tanzania</t> a grant of 580 million shillings (64.45 million dollars) over the next three years to finance several projects in the country, a statement issued by the ministry of finance said today.",AGREE,AID
<s>European Community</s> foreign ministers agreed in principle on Saturday to provide about 70 million dollars of aid for <t>Romania and Poland</t>.,AGREE,AGREE
<s>British Defence Secretary Tom King</s> has promised to continue military aid to war-torn <t>Mozambique</t>.,AGREE,AGREE
<s>Syria</s> has again offered its troops to <t>Lebanon's new President Elias Hrawi</t> to help him oust General Michel Aoun from the Christian enclave Aoun controls.,AGREE,AGREE
"The <s>United Nations</s> will provide nearly 25,000 tons of emergency food aid to <t>refugees fleeing the civil war in Liberia</t>, the World Food Program (WFP) said on Monday.",AGREE,AID
"<s>France</s> is ready to contribute up to 4,000 troops to an international peace-keeping force in <t>Yugoslavia</t>, Defence Minister Pierre Joxe said on Monday.",AGREE,AID
The <s>Security Council</s> today agreed to a six-month extension of the mandate for the peacekeeping force in <t>Lebanon</t> (UNIFIL) despite Israel's wish for a shorter period.,AGREE,AGREE
"Ousted <s>President Askar Akayev</s> has agreed to resign without returning to the <t>Kyrgyzstan</t>, the Parliament speaker said Saturday.",AGREE,AGREE
"<s>Planning and Investment Minister Tran Xuan Gia</s> said <t>Vietnam</t> is committed to opening up the economy but will not be rushed, in a rare interview late on Friday.",AGREE,CONSULT
"<s>Turkey</s> will allow up to 13,000 <t>Turkish Kurd refugees</t> who have lived in Iraq for more than a decade to return home as part of a UN-brokered deal.",AGREE,AID
<s><t>Serbia</t>n President Vojislav Kostunica</s> promised to democratize <t>Serbia</t> and establish the rule of law as he succeeded Milosevic.,AGREE,AGREE
"A <s>Soviet official</s> offered concessions last November that <t>U.S. negotiator</t> Paul Nitze believed could lead to an agreement on reducing nuclear missiles in Europe, according to a senator who acted as a go-between at the talks.",AGREE,AGREE
"In an interview this weekend, <s>President Abdelaziz Bouteflika</s> said he is prepared to lift ban on <t>Islamic Salvation Front</t> (FIS) but not with its historical leadership.",AGREE,YIELD
Leaders of the <s>Azadliq (Freedom)</s> opposition coalition agreed to postpone the demonstration in <t>Baku</t> until 9 November.,AGREE,AGREE
"The <s>Fijian rebels</s> said they will release <t>Prime Minister Mahendra Chaudhry</t> and more than 30 members of his government, whom they had taken hostage two weeks ago, on the weekend.",AGREE,YIELD
"The rebel <s>Revolutionary United Front (RUF)</s> announced it will return weapons and military equipment seized last year from <t>United Nations peacekeepers</t>, according to reports reaching here from the country's capital Freetown.",AGREE,YIELD
"Under the disengagement plan, <s>Isreal</s> will evacuate all 21 settlements in the <t>Gaza Strip</t> in mid-August, said spokesperson for the Israeli prime minister.",AGREE,YIELD
"<s>Ethopia</s> has agreed to re-open its borders to <t>UN</t> peackeepers, who are depolyed in the region to oversee a ceasefire between Ethiopia and its neighbor, Eritrea.",AGREE,AGREE
"In a letter handed over to the United Nations on Monday, <s>Iraq</s> said it would allow the return of <t>U.N.</t> weapons inspectors ``without conditions'' to ``remove any doubts <s>Iraq</s> still possesses weapons of mass destruction.''",AGREE,AGREE
"With the signing of a Memorandum of Understanding (MOU) on Cessation of Hostilities, the <s>Sudanese government</s> and <t>SPLM/A</t> have agreed to allow ``unimpeded humanitarian access to all areas and for people in need.''",AGREE,AGREE
<s>Yugoslavia</s> and <t>Slovenia</t> agreed to a ceasefire after two days of fierce fighting but media reports said sporadic clashes were still continuing.,AGREE,AGREE
"<s>Shefket Musliu</s> said on 21 May in <t>Konculj</t>, in the Federal Republic of Yugoslavia, that his forces will lay down their weapons and disband by the end of the month because ``the time has come... to seek changes through political means,'' AP reported.",AGREE,YIELD
"<s>Syria</s> says it is willing to withdraw its troops from neighboring <t>Lebanon</t>, after fifteen years of effective military occupation.",AGREE,AGREE
"<s>East German Foreign Minister Oskar Fischer</s> will visit <t>Albania</t> in June, the first Warsaw Pact foreign minister to do so since Tirana split with Moscow in 1961, the <t>Albania</t>n embassy said.",AGREE,CONSULT
"On September 29, <s>Putin</s> offered to negotiate with <t>Chechen President Aslan Maskhadov</t> following the invasions of Dagestan.",AGREE,AGREE
"<s>Denmark</s> today accepted a formula for ending its fisheries dispute with its <t>European common market</t> partners, government officials said.",AGREE,AGREE
<s>Afghan rebel leaders</s> said on Wednesday they would meet <t>U.N.</t> mediator Diego Cordovez if he gave them a veto over any settlement reached in peace talks.,AGREE,CONSULT
"<s>Israeli Prime Minister Ehud Barak</s> has agreed to <t>US</t> mediation in the final status talks with the Palestinians, a senior Israeli official said.",AGREE,AGREE
"<s>Gambian President Dawda Jawara</s> will visit <t>Mauritania and Senegal</t> to mediate in a border dispute between the two West African neighbors, diplomatic sources said on Wednesday.",AGREE,CONSULT
<s>King Hassan of Morocco</s> was quoted today as saying he would be ready to host a meeting between <t>an Israeli peace movement and the Palestine Liberation Organization (PLO)</t>.,AGREE,CONSULT
A group of <s>African diplomats</s> held their first meeting with <t>President Parvanov</t> at a lunch hosted by the Ambassador of Kingdom of Morocco.,CONSULT,CONSULT
"<s>U.S. Secretary of State Warren Christopher</s> telephoned <t>Russian Foreign Minister Andrei Kozyrev</t> on Tuesday to discuss efforts to forge a peace settlement in former Yugoslavia, Itar-Tass news agency said.",CONSULT,CONSULT
"<s>Taiwan's Vice Foreign Minister</s> visited <t>Russia</t> today, becoming the island's highest ranking government official to go there.",CONSULT,CONSULT
<s>Iraqi President Saddam Hussein</s> arrived in <t>Amman</t> on a previously unannounced visit on Wednesday.,CONSULT,CONSULT
<s>Russian President Boris Yeltsin</s> on Saturday hosted <t>Japanese Prime Minister Ryutaro Hashimoto</t> in this Siberian city for an informal meeting aimed at establishing close personal relations between the two leaders.,CONSULT,CONSULT
<s>President Francois Mitterand</s> gave a warm welcome on Thursday to <t>South African leader F.W. de Klerk</t> who is attempting to break his country's international isolation.,CONSULT,CONSULT
"<s>U.S. and Soviet negotiators</s> return to <t>Geneva</t> this week for talk on limiting the number of European-based nuclear missiles, an issue likely to dominate East-West relations this year.",CONSULT,CONSULT
<s>Arab League Secretary General Chadli Klibi</s> undertook mediation mission between <t>Syria and Palestinian leader Yasser Arafat</t>.,CONSULT,CONSULT
"<s>Quatar's emir, Sheikh Hamad bin Khalifa al-Thani</s> launched a mediation effort on Saturday between the <t>Emirates and Saudi Arabia</t> whose ties have been strained by Riyadh's new friendship with Tehran.",CONSULT,CONSULT
<s>Israel</s> and <t>Lebanon</t> renewed negotiations today on an <s>Israel</s>i troop pullback from <t>Lebanon</t> and their future relations.,CONSULT,AGREE
"<s>French National Assembly president Laurent Fabius</s> and a group of deputies held talks with leaders of <t>Romania's</t> new government on Tuesday, the first high level Western delegation to visit Bucharest since last month's revolution.",CONSULT,CONSULT
"<s>Czechoslovakia</s> and <t>Albania</t> have upgraded their diplomatic ties back up to ambassadorial level after an 18-year break, the official CTK news agency said on Wednesday.",SUPPORT,SUPPORT
A top <s>U.S. official</s> today praised <t>Haiti</t>'s efforts to improve its record on human rights and said it was an important partner for the United States.,SUPPORT,SUPPORT
The <s>West German government</s> today welcomed <t>President Reagan</t>'s latest policy statement as proof of Washington's earnest wish for a settlement to be reached in U.S.-Soviet nuclear talks.,SUPPORT,SUPPORT
"The <s>United States</s> on Thursday defended the right of <t>Soviet troops</t> to fire protectively on militants in Azerbaijan and insisted unrest there reflected age-old ethnic tensions, not a fight for political independence.",SUPPORT,CONSULT
<s>Palestinian leader Yasser Arafat</s> defended <t>Iraq and Libya</t> on Friday against Western criticism of their arms industries and said the West was applying double standards on human rights.,SUPPORT,ACCUSE
"<s>Arab League Secretary-General Chedli Klibi</s> today urged the European Community to support the <t>Palestinian Liberation Organization</t> (PLO), which he said would create a favorable climate for peace talks.",SUPPORT,SUPPORT
"<s>Saudi Arabia</s> has mobilized pressure groups in the United States to help support the rights of <t>Palestinians</t> in their struggle against Israel, a top minister said in comments published Thursday.",SUPPORT,CONSULT
"<s>Sri Lanka</s> has established diplomatic ties with and opened an embassy in <t>Tehran</t>, the foreign ministry said on Wednesday.",SUPPORT,AGREE
"<s>Argentina</s> has apologized to <t>Brazil</t> for one of its gunboats intercepting a <t>Brazil</t>ian ship in the Beagle Channel, disputed by <s>Argentina</s> and Chile.",SUPPORT,REJECT
A group of <s>Yoruba</s> leaders announced yesterday that they are willing to forgive <t>President Olusegun Obasanjo</t> and queue behind him for a second term.,AGREE,AGREE
"<s>Libyan leader Muammar Gaddafi</s> and <t>Bulgarian President Todor Zhivkov</t> today signed a treaty of friendship and cooperation, the BTA reported.",SUPPORT,AGREE
"<s>Czechoslovakia</s> and <t>China</t> signed an agreement today to increase trade in 1983 by 50 percent compared with last year, the official Czechoslovak news agency Ceteka said today.",SUPPORT,AGREE
<s>Taliban ruled Afghanistan</s> has been sharing expertise with the <t>Liberation Tigers of Tamil Eelam</t> according to a special report submitted to the Canadian Security Intelligence Service.,COOPERATE,COOPERATE
"<s>European</s> foreign direct investment flows in <t>Latin America and the Caribbean</t> rose more than eightfold during the second half of the 1990s compared with the first half of that decade, according to a study presented in Paris by the Inter-American Development Bank.",COOPERATE,COOPERATE
"<s>French</s> and <t>Egyptian</t> warships on Monday launched 10 days of war games in the Mediterranean Sea, expected to be joined later by Italian and German vessels, the <s>French</s> embassy said Monday.",COOPERATE,COOPERATE
"<s>Zambia</s> extradited suspected British militant Haroon Rashid Aswad to <t>Britain</t> on Sunday, a senior <s>Zambia</s>n government official said.",COOPERATE,YIELD
"<s>Israeli intelligence</s> officials have shared evidence with the <t>U.S.</t> about contacts between al Qaeda and senior members of Saddam Hussein's Ba'ath Party, according to governmental officials.",COOPERATE,CONSULT
"Doctors from two <s>American aid groups</s> donated and personally delivered $50,000 worth of goods to <t>Baghdad University Medical School</t>, risking as much as 12 years in prison and $500,000 in fines.",AID,AID
The <s>European Community</s> on Monday gave the <t>Ivory Coast</t> 5.1 million dollars of aid for agricultural development projects.,AID,AID
"The <s>United States</s> continued to send arms to <t>Pakistan</t> last year, a State Department Spokesman said Wednesday.",AID,AID
"The <s>United States</s> is providing aerial photographs and other military intelligence to <t>Macedonia</t> which is preparing a major offensive against ethnic Albanian guerrillas, the Washington Post said Wednesday.",AID,AID
"<s>Swiss doctors</s> handed over 700 kg of medicine to the <t>Red Crescent in Bam</t>, Iran, according to the Swiss Agency for Development and Cooperation.",AID,AID
"<s>Benin</s> opened its borders today to most <t>West Africans</t> ordered out of Nigeria as illegal aliens, but was still refusing admittance to Ghanaians, by far the biggest group involved, <s>Benin</s> police said.",AID,YIELD
<s>U.N.</s> helicopters evacuated the wounded from the besieged <t>Bosnian town of Gorazde</t> on Friday.,AID,AID
"The first deployment of <s>NATO</s> peacekeeping troops have arrived in <t>Bosnia</t>, Defense Secretary William Perry said.",AID,AID
"<s>Peru</s> has granted diplomatic asylum to five <t>Panamanian army</t> officers holed up in a diplomatic residence since last month's U.S. invasion, the <s>Peru</s>vian embassy said on Tuesday.",AID,AID
"<s>Uganda</s> has granted political asylum to 18 <t>Zairean rebels</t> who entered the country illegally two years ago and are wanted at home on treason charges, a United Nations official said on Friday.",AID,AID
"<s>Uganda</s> said on Sunday it had paid compensation to 67 elderly <t>British nationals</t>, most of the Asians, for assets they lost when former dictator Idi Amin expelled them 18 years ago.",YIELD,AID
"<s>President Omar Hassan al-Bashir</s>, following the partial peace deal, has taken several tentative steps to enhance political freedoms and promote an image of openness and tolerance in <t>Sudan</t>.",YIELD,SUPPORT
The <s>Latvian Constitutional Court</s> cancelled restrictions on the use of the <t>Russian</t> language on national radio and television.,YIELD,YIELD
The <s>Ivory Coast's Supreme Court</s> decided to allow candidate <t>Alassane Ouattara</t> to participate in the country's upcoming elections.,YIELD,SUPPORT
<s>Yugoslavia</s> lifted a night curfew in <t>Kosovo</t> where 28 people have been killed in ethnic riots this year and the province was reported quiet on Sunday.,YIELD,YIELD
<s>President Omar El Bashir</s> on Thursday shortened by one hour the nightly curfew imposed in <t>Sudan</t> after a June 30 coup toppled the civilian government.,YIELD,YIELD
"<s>Yugoslavia</s> eased emergency measures on Wednesday in <t>Kosovo</t> province, the scene of ethnic violence last March, as authorities in Croatia cracked down on Serbian nationalists.",YIELD,YIELD
"<s>Sudan's government</s> on Sunday lifted a state of emergency in <t>West Darfur State</t> that was imposed six months ago after bloody tribal clashes there, Omdurman radio reported Sunday.",YIELD,YIELD
"The <s>Nigerian Union of Teachers</s> (NUT), the umbrella union for primary school teachers, announced Thursday that it has called off a four-day strike after deliberations with the <t>Nigerian government</t>.",YIELD,AGREE
The <s>Rwandan government</s> on Thursday accepted demands from <t>Hutu rebels</t> that it initiate political reforms.,YIELD,AGREE
"Tuesday the <s>Serbian parliament</s> approved a ``special law'' recognizing victories by <t>Zoran Djindjic's opposition coalition</t> in November 17 municipal elections in 14 of the 18 most important Serbian cities, including Belgrade.",YIELD,SUPPORT
<s>Georgian President Eduard Shevardnadze</s> resigned Sunday as the opposition threatened to storm his residence in <t>Tbilisi</t>.,YIELD,YIELD
"As part of its fight to eradicate poverty, the governing <s>Labour Party</s> has introduced a legally-binding minimum rate of pay in <t>Britain</t> for the first time.",YIELD,SUPPORT
"The <s>Federal Minister for Interior Aftab Ahmad Khan Sherpao</s> allowed opposition leader <t>Maulana Fazl-ur-Rehman</t> to bring out `Shan-e-Mustafa (SAW)' Rally after an agreement on carrying out a violence free protest demonstration, according to the Pakistani Federal Secretary Interior.",YIELD,AGREE
<s>President Dos Sontas</s> has reportedly conceded at last to demands from <t>National Union for the Total Independence of Angola</t> (UNITA) to overhaul the judiciary.,YIELD,YIELD
<s>Lt. Gen. Prosper Avril</s> resigned yesterday to allow <t>Haiti</t>'s first democratic elections to take place.,YIELD,YIELD
"According to a zoo spokesperson <s>Malaysian authorities</s> have initiated the process of returning the four baby gorillas to <t>Nigeria</t>, amid speculations they were illegally captured in the wild.",YIELD,AID
"<s>Polish police</s> today released the correspondent of the <t>American news agency United Press International</t>, who was detained for 23 hours and questioned in connection with an inquiry into alleged illegal activities.",YIELD,YIELD
"<s>Bosnian Serb forces</s> Tuesday let free six <t>French UN peacekeepers</t> held captive inside a UN armored personnel carrier since Friday, a UN spokesman said.",YIELD,YIELD
"<s>French maritime</s> authorities today release an impounded ship operated by the <t>Greenpeace</t> ecology movement, port officials said.",YIELD,YIELD
An <s>Egyptian court</s> released a <t>Lebanese</t> millionaire's assets of nearly 19 million dollars on Saturday six years after they were frozen in a major bank scandal.,YIELD,YIELD
"<s>Germany</s> on Wednesday lifted sanctions against gold from <t>South Africa</t> in recognition of the country's moves to abolish apartheid, a government spokesman said.",YIELD,YIELD
"The <s>United Arab Emirates</s> (UAE) has lifted its boycott of trade in oil on <t>Namibia</t>, effective since March 31.",YIELD,YIELD
"The <s>European Union</s> failed Wednesday to renew sanctions against <t>Zimbabwe</t>, with the fate of an EU-Africa summit scheduled for April hanging in the balance.",YIELD,REJECT
"<s>Kyrgyz Prime Minister Nikolai Tanaev</s> received a mission of observers from the <t>OSCE</t>, informing them in detail on the economic situation of the country.",YIELD,CONSULT
"A first patch of <t>Bangladeshi</t> peacekeeping troops arrived in <s>Sierra Leone</s> Tuesday, joining 12 unarmed military observers as the first element of an 800-strong <t>Bangladeshi</t> contingent due here, U.N. officials said.",YIELD,AID
The <t>IAEA</t> has dispatched inspectors to Esfahan Uranium Conversion Facilities (UCF) in central <s>Iran</s> to monitor resumption of peaceful nuclear work at the plant.,YIELD,AID
Humanitarian access for the <t>Darfur</t> region has improved significantly since September as the <s>Khartoum government</s> tried to secure international favor.,YIELD,SUPPORT
"<s>Uzbekistan</s> finally opened the Friendship Bridge after four years to allow the delivery of 1,000 tons of grain and flour to <t>Afghanistan</t>, where millions of people are at risk of starvation as winter sets in, reports aid agencies.",YIELD,AID
The <s>pro-Iranian Hizbollah</s> (Party of God) group declared a unilateral ceasefire on Wednesday in <t>south Lebanon</t> after 12 days of battles with the Syrian-backed Amal militia.,YIELD,YIELD
"The <s>Israeli army</s> lifted Friday a day-old blockade on <t>Palestinian</t> lorries passing through this crossing point between the Gaza Strip and the Jewish state, officials told AFP.",YIELD,YIELD
"One third of <s>ethnic Albanian guerrillas</s> operating in <t>Macedonia</t> have been demobilized since the August 13 peace accord between <t>Macedonia</t>n and ethnic Albanian political parties, two rebel commanders told AFP by phone Sunday.",YIELD,YIELD
"Five hundred <s>Ugandan rebels</s> surrendered last week in the eastern town in <t>Soroti</t> following a government offensive in the area, a local official said.",YIELD,YIELD
"The <s>United States</s> speeded up the withdrawal of some invasion forces from <t>Panama</t> on Wednesday, but defence officials cautioned that no deadline had been set for complete removal of the troops.",YIELD,COERCE
<s>Bosnian Serbs</s> said on Tuesday their forces had completed their withdrawal from the beseiged <t>Bosnian town of Gorazde</t>.,YIELD,YIELD
"The <s>United Nations</s> has sent 21 military and civilian personnel to <t>Yugoslavia</t> on Wednesday to investigate the feasibility of a 10,000-member peacekeeping force, a U.N. spokesman said on Monday.",ACCUSE,AID
"<s>Judge Alejandro Rivera</s> opened fraud investigations against 28 <t>Chilean government officials</t> suspected of taking kickbacks, the court said Friday.",ACCUSE,ACCUSE
"A <t>US national</t> has been put under investigation in <s>Italy</s> for her possible role in rioting during a G8 summit in Genoa last month, Ansa news agency reported.",ACCUSE,ACCUSE
"Members of the <s>Association of African Jurists</s>, a body linked to the Organization of African Unity, investigated welfare of nearly 2,000 <t>Libyans</t>, some of whom have been held as long as seven years.",ACCUSE,CONSULT
<s>Israel</s>'s high court opened a landmark hearing Wednesday into the legality of secret interrogation techniques used against <t>Palestinian</t> detainees.,ACCUSE,ACCUSE
The <s>Ceasefire Violations Committee</s> (CFVC) has completed its investigation into an allegation by the Liberian Peace Council (LPC) that the <t>NPFL</t> had taken over the city of Greenville.,ACCUSE,ACCUSE
"<s>Croatia</s> is investigating alleged war crimes by <s>Croatia</s>n extremists against Serb civilians and prisoners and will bring suspects to trial, a <s>Croatia</s>n official said.",ACCUSE,ACCUSE
"<s>Serbian military police</s> have launched an investigation into alleged crimes committed by <t>Croat forces</t> against ethnic Serb civilians and Montenegrin prisoners of war during the 1991-1995 Serbo-Croatian conflict, the newspaper Jutarnji list reported Thursday.",ACCUSE,ACCUSE
"<s>Poland's parliament</s> has demanded an immediate admission by <t>Moscow</t> that Soviet NKVD security forces murdered more than 15,000 captive Polish officers during World War Two.",REQUEST,REQUEST
<s>French President Jacques Chirac</s> issued a stern reminder Saturday to <t>Iraq</t> that it must cooperate fully with UN inspectors probing suspect sites for weapons of mass destruction.,REQUEST,REQUEST
"An <s>Argentine judge</s> has ordered former president <t>Carlos Menem</t> to appear October 16 for questioning in an investigation of illegal arms sales to Croatia and Ecuador in the 1990s, court sources said Wednesday.",REQUEST,REQUEST
The <s>Bush administration</s> declared Tuesday that <t>China</t> must drop barriers to U.S. exports or face tariff penalties for maintaining unfair trade practices.,REQUEST,THREATEN
The <s>PRC</s> on Tuesday demanded that the <t>US</t> cancel plans to sell air-to-surface anti-tank weapons to Taiwan to avoid ``new damage'' to <t>US</t>-<s>PRC</s> relations.,REQUEST,REQUEST
A senior <s>British minister</s> reiterated that <t>Libya</t> must hand over alleged bombers of the U.S. airliner as he embarked on a trip to North Africa to seek Arab support for the demand.,REQUEST,REQUEST
The rebel <s>Kurdistan Workers' Party</s> issued a declaration demanding that the <t>Turkish government</t> provide information on the safety of its leader Abdullah Ocalan.,REQUEST,REQUEST
<s>Kosovo Municipality Association</s> (AKK) officials demanded support from the <t>Kosovo Assembly</t> in regaining control over the properties that belonged to them before.,REQUEST,REQUEST
"<s>Greece</s> bluntly demanded that its <t>European Community</t> partners refuse to recognize the Former Yugoslav Republic of Macedonia, on <s>Greece</s>'s northern border, as long as it keeps that name.",REQUEST,REQUEST
<s>Palestinian officials</s> demanded Friday that the <t>United States</t> match the European Union's support for Palestinian statehood.,REQUEST,REQUEST
The <s>Third World Water Forum</s> concluded on Saturday that the <t>US</t> and other developed nations must allocate greater financial resources to help with the battle against the global water and sanitation crisis.,REQUEST,SUPPORT
According to reports the <s>UK</s> is pushing hard for the <t>US</t> support its debt relief plan to tackle poverty in Africa.,REQUEST,REQUEST
"Some 800,000 <s>Iraqi Kurds</s> sought refuge in <t>Germany</t> last month.",REQUEST,AID
"<s>Ethnic Albanians in south Serbia</s> are demanding a <t>U.N.</t> military presence to protect them against a heavily armed ruling Serb minority and prevent a Bosnia-style civil war, but some foreign monitors are skeptical.",REQUEST,REQUEST
"The <s>Red Cross operating in Iraq</s> said <t>US and British forces</t> must ensure security to allow emergency water, food, and medical supplies to reach the needy.",REQUEST,REQUEST
"At the end of a seminar on reform, around 100 <s>Arab intellectuals and activists</s> published a declaration demanding wide-ranging political changes in the <t>Arab world</t>.",REQUEST,REQUEST
<s>Sunnis</s> have demanded that control of the Interior Ministry be taken away from <t>Shiite religious parties</t> in the next government.,REQUEST,REQUEST
<s>Rwandan rebels</s> demanded the removal of President <t>Juvenal Habyariman</t> and his ruling party at the fourth round of talks aimed at ending a 23-month civil war.,REQUEST,REQUEST
Former Socialist prime minister <s>Andreas Papandreou</s> demanded immediate elections after a special court cleared him of all charges in <t>Greece</t>'s biggest corruption trial this century.,REQUEST,REQUEST
<s>Opposition groups in Zimbabwe</s> are demanding that <t>President Mugabe</t> abandon his controversial policy of land confiscations.,REQUEST,REQUEST
"The main <s>Hutu rebel group</s>, Forces for Defence of Democracy (FDD), insisted on its demands that <t>Burundi's government grant</t> the Hutu majority more rights.",REQUEST,REQUEST
<s>Rwandan rebels</s> announced that <t>President Kagame and his Rwandan Patriotic Front</t> must agree to major constitutional changes before they demobilize.,REQUEST,REQUEST
The <s>Albanians of southern Serbia</s> are demanding political and territorial autonomy from <t>Serbian authorities</t>.,REQUEST,REQUEST
The <s>United States</s> on Thursday demanded that the <t>Democratic People's Republic of Korea</t> (DPRK) forsake its nuclear program.,REQUEST,REQUEST
Human rights organization <s>Amnesty International</s> demanded that the <t>Sudanese government</t> end curbs on press freedom.,REQUEST,REQUEST
The <s>International Labor Office</s> (ILO) reiterated its demand today that <t>Israel</t> ease restrictions on the movement of Palestinian workers.,REQUEST,REQUEST
<s>Iranian authorities</s> have been pressuring <t>workers of the United Bus Company of Tehran</t> (Sharekat-e Vahed) to cancel the strike they have been planning for better pay and working conditions.,REQUEST,COERCE
<s>Russia</s> said on Tuesday that <t>Sudan</t> must return a Mi-26 helicopter that was captured by the <t>Sudan</t>ese authorities last week.,REQUEST,REQUEST
The 106th <s>Inter-Parliamentary Union Conference</s> stressed the obligation of the <t>international community</t> to take immediate action to lift embargoes and other sanctions which have negatively affected children in different parts of the world.,REQUEST,REJECT
"<s>Kenzo Oshima</s>, the United Nations Emergency Relief Coordinator, demanded parties to the conflict in <t>Iraq</t> to allow humanitarian workers the freedom of movement necessary for discharging their mandate.",REQUEST,REQUEST
<s>Washington</s> along with its allies demanded that <t>Hamas</t> renounce its armed struggle against Israel.,REQUEST,REQUEST
"<s>European Community</s> foreign ministers demanded the withdrawal of <t>Yugoslav</t> federal forces from Bosnia-Herzogovina on Monday calling them an occupying army, diplomats quoted an EC declaration as saying.",REQUEST,REQUEST
<s>Bosnian Serbs</s> demanded a truce with <t>Moslem forces in east Bosnia</t> before allowing U.N. aid conveys to feed starving Moslem civilians in the region.,REQUEST,REQUEST
"<s>Yugoslavia</s> on Tuesday demanded a meeting of the <t>U.N. Security Council</t> to discuss Croatia's military advance into the Serb-held Krajina region, describing it as ``a serious challenge to the world community.''",REQUEST,REQUEST
<s>Jack Straw</s> said on Friday that <t>the Sudanese government and the rebels in Darfur</t> must reach an agreement that stops the conflict for good before developmental assistance to the region is released.,REQUEST,REQUEST
<s>Egyptian President Hosni Mubarak</s> said here Wednesday that the <t>US</t> must be ready to mediate between Israelis and Palestinians as soon as the Israeli elections of January 28 are finalized.,REQUEST,CONSULT
"On Tuesday, <s>Nigerian junior foreign minister Dubem Oniya</s> summoned <t>Niger's ambassador Brah Mohamane</t> to complain of inaction over the gangs.",ACCUSE,ACCUSE
<s>Albania</s> on Friday denounced as an ugly crime <t>Yugoslavia</t>'s suppression of ethnic <s>Albania</s>n unrest in the southern Yugoslav province of Kosovo.,ACCUSE,ACCUSE
<s>Zimbabwean Prime Minister Robert Mugabe</s> today accused the <t>United States</t> of restoring the blackmail in the negotiations on independence for Namibia.,ACCUSE,ACCUSE
"Ousted president <t>Jean-Bertrand Aristide</t> has been accused of misusing up to US $50 million ($73 million) in public funds, much of it believed to have been embezzled, by current <s>Haitian government</s> officials.",ACCUSE,ACCUSE
"Human rights watchdog <s>Amnesty International</s> accused the <t>United States</t> of violating human rights, ignoring international law and sending a ``permissive signal to abusive governments''.",ACCUSE,ACCUSE
"The <s>Sudanese government</s> has accused <t>Darfur rebels</t> of violating a month-old ceasefire, a member of the Chadian team trying to broker a peace pact has said.",ACCUSE,ACCUSE
"<s>Palestinians</s> blamed <t>Israel</t> for the bombing of Raed Karmi in the West Bank City of Tulkarm, which has set off a renewed wave of violence.",ACCUSE,ACCUSE
<t>Kosovo's prime minister</t> has been indicted by the <s>U.N. war crimes court</s> for his alleged part in atrocities during the fight against Serb forces and will resign.,ACCUSE,COERCE
"A <t>Christian missionary from Calgary</t> was arrested in <s>Lebanon</s> for collaborating with Israel, according to the Canadian Press.",COERCE,COERCE
<s>Nigerian authorities</s> jailed 52 members of the banned <t>Movement for the Actualization of the Sovereign State of Biafra</t> (MASSOB) on allegations of treason for playing in a youth football tournament in Lagos.,COERCE,COERCE
"An <s>official Syrian newspaper</s> called Thursday on Arabs to unite and ``mobilize'' against <t>Israeli right-winger Ariel Sharon</t>, who has vowed not to return the Golan Heights to Syria if he is elected prime minister February 4.",ACCUSE,THREATEN
<s>Archbishop Desmond Tutu</s> on Sunday called for sanctions against <t>Nigeria</t> in the wake of the execution of Ken Saro-Wiwa.,ACCUSE,REQUEST
"<s>Yugoslavia</s> lodged an official protest with <t>Albania</t> today, charging its neighbor with supporting dissidents here in what is said was tantamount to inciting revolution.",ACCUSE,ACCUSE
<s>Lebanon</s> complained to the United Nations on Tuesday over two <t>Israeli</t> air raids last Friday in which it said 20 people were killed or wounded.,ACCUSE,ACCUSE
"A <s>Saudi businessman</s> is suing the <t>United States</t> for damages to his pharmaceutical plant which were caused by a missile attack in August, his American lawyer said.",ACCUSE,ASSAULT
"A <s>European court</s> convicted <t>Turkey</t> of ""inhuman acts"" Thursday for destroying the home of a Kurdish citizen in the country's southeast.",ACCUSE,ACCUSE
"The <s>Palestinians</s> reject proposed <t>Israeli</t> changes to the Wye River land-for-security deal, chief Palestinian negotiator Saeb Erakat said.",REJECT,REJECT
"<s>Yemen</s> has rejected a <t>U.S.</t> request to interrogate detainees held after the escape of 23 al-Qaida prisoners, a security official said Tuesday.",REJECT,REJECT
"<s>Bangladesh</s> has once again outright rejected an <t>Indian</t> proposal for signing Free Trade Agreement (FTA) with her, urging the counterpart to sign the proposed South Asia Free Trade Agreement (SAFTA) instead.",REJECT,REJECT
"<s>South Korea</s> has rejected <t>North Korea</t>'s consistent demand to sever a decades-long military alliance with Washington, which keeps troops here under a mutual defense pact.",REJECT,REJECT
<s>Yugoslavia</s> on Thursday flatly rejected an <t>Australian</t> ultimatum to handover a guard involved in a shooting in front of the Yugoslav consulate in Sydney.,REJECT,REJECT
"The <s>UN</s> on Tuesday imposed a de facto information blackout on the withdrawal, collection and monitoring of heavy weapons around <t>Sarajevo</t>.",REJECT,SANCTION
"<s>Bonn</s> rejected recent calls by <t>East Germany's Communist rulers</t> for immediate economic aid, saying it was withholding it until a democratically-elected government takes over.",REJECT,REJECT
"The <s>Turkish government</s> has refused to commit to any direct assistance to the <t>US</t>-led war against Iraq, citing domestic opposition.",REJECT,REJECT
<s>Syria</s> says it will not accept any more refugees if war starts in Iraq.,REJECT,REJECT
The <s>United Nations</s> on Tuesday rejected a call for its peacekeeping forces to be deployed in <t>East Timor</t>.,REJECT,REJECT
"<s>Pakistan</s>, a key U.S. ally in the war against terrorism, has refused to deploy peacekeepers in <t>Iraq</t> and has urged its citizens to avoid coming here.",REJECT,REJECT
"The <s>US</s> on Thursday rejected calls by <t>Kofi Annan</t>, UN secretary-general, to adopt far-reaching United Nations reforms as a comprehensive package.",REJECT,REJECT
<s>Vice-President Moody Awori</s> has declined to resign despite growing pressure by the <t>Kenya Anti-Corruption Commision</t> after he was implicated in a major scandal.,REJECT,REJECT
"<s>Ankara's Cankaya district administration</s> has denied land allocation for the construction of an <t>Alevite</t> temple, Cemevi, in the district.",REJECT,REJECT
"In what has been described as a policy u-turn, <s>President Levy Mwanawasa</s> has reneged on his commitment to the <t>Zambian people</t> for holding elections under a new constitution.",REJECT,REJECT
"Despite warnings of starvation by humanitarian agencies, the <s>Israeli government</s> is refusing to lift the curfew on <t>Palestinians living in the West Bank and Gaza</t>.",REJECT,REJECT
"Around 1,800 of 2,200 <s>Serbian teachers</s> will not end their strike unless their demands for wage increases are met by <t>Belgrade</t>, a union official announced after three weeks of striking.",REJECT,PROTEST
"The <s>U.S.</s> said it would not meet hostage-takers demands to release prisoners in <t>Iraq</t>, including a number of females.",REJECT,REJECT
<s>US authorities</s> said yesterday that removing the sanctions on <t>Burma</t> is currently out of the question as that would reward the regime for doing nothing.,REJECT,REJECT
"The <s>UNITA militarist wing</s> refused to allow <t>United Nations</t> planes to land and evacuate 15 of its observers who were taken hostage, the <t>United Nations</t> Observer Mission in Angola (MONUA) said.",REJECT,REJECT
<s>Beirut</s> again rejected Thursday a <t>United Nations</t> appeal for deploying army troops along its borders with Israel.,REJECT,REJECT
<s>Iran's religious leader Ayatollah Ruhollah Khomeini</s> today rejected <t>Iraqi President Saddam Hussein</t>'s proposal for a cease-fire during the Moslem holy month of Ramadan.,REJECT,REJECT
"<s>Rebels in the Ivory Coast</s> on Wednesday dismissed an appeal from <t>President Laurent Gbago</t> to lay down their arms, saying they had lost all trust in the government they rose up against on September 19.",REJECT,REJECT
"<s>Israeli President Moshe Katsav</s> has refused to meet <t>Jordan's visiting King Abdullah II</t> in Tel Aviv, saying he would only welcome him in Jerusalem, his office said Tuesday.",REJECT,REJECT
"The radical <s><t>Palestinian</t> Islamic Jihad</s> movement rejected an invitation to attend a meeting next week of <t>Palestinian</t> factions to debate plans for independence from Israel, the group said Wednesday.",REJECT,REJECT
<s>Pakistan President Mohammad Zia-Ul-Haq</s> today rejected a fresh offer from <t>Afganistan</t> for direct talks between the two neighbors.,REJECT,REJECT
<s>Palestinian leader Yasser Arafat</s> Wednesday rejected a <t>US</t> offer to host a summit in mid-July to hammer out a framework agreement for peace between the Israelis and the Palestinians.,REJECT,REJECT
"<s>Israel</s> is opposed to <t>French</t> mediation in peace negotiations with Syria, a close aide to Prime Minister Ehud Barak said Wednesday.",REJECT,REJECT
"<s>Ivory Coast rebels</s> on Friday again rejected a <t>west African</t> peace plan, and said they also opposed the deployment of a regional peacekeeping force until their political demands are met.",REJECT,REJECT
Newly appointed <s>Palestinian Prime Minister Ismail Haniyeh</s> has refused to respond to a demand from the US President to adhere to interim peace deals reached with <t>Israel</t>.,REJECT,REJECT
The republic of <s>Slovenia</s> defied <t>Yugoslav</t> federal authority on Wednesday and was set to declare its right to secede from the country.,REJECT,REJECT
A <s>newspaper based in Christian east Beirut</s> has violated a ban by <t>General Michel Aoun</t> and described his rival Elias Hrawi as president.,REJECT,REJECT
The <s>United States</s> on Wednesday vetoed a <t>Security Council</t> resolution censuring as a violation of international law its military sweep of the Nicaraguan ambassador's home in Panama on December 29.,REJECT,REJECT
<s>President Reagan</s> has threatened further action against the <t>Soviet Union</t> in an international television program beamed by satellite to more than 50 countries.,THREATEN,THREATEN
"<s>Iran</s> on Tuesday threatened to cut off electricity to the autonomous <t>Azerbaijani republic of Nakhichevan</t> over non-payment of bills, the official IRNA news agency reported.",THREATEN,THREATEN
<s>African states</s> today announced that they will withdraw their peacekeeping force from <t>Chad</t> unless President Goukouni Oueddei arranged a ceasefire with rebels fighting to topple his government and held elections within four months.,THREATEN,THREATEN
A <s>French minister</s> threatened today to impose import restrictions against <t>West German</t> goods today as the leaders of the two countries sought to ease tensions in Franco-German relations.,THREATEN,THREATEN
The <s>Azerbaijani parliament</s> threatened on Monday to secede from the <t>Soviet Union</t> unless the Kremlin withdrew its troops from the republic.,THREATEN,THREATEN
<s>Pakistan</s> today threatened to break off diplomatic relations with <t>Zaire and Costa Rica</t> over their ties with Israel on the eve of a visit here by Palestine Liberation Organization (PLO) Chairman Yasser Arafat.,THREATEN,THREATEN
<s>Palestinian leaders</s> said they would boycott all official contact with the <t>United States</t>.,THREATEN,REJECT
"<s>Greece</s>, like most other existing members, plans to impose restrictions on its labour market for <t>new EU members</t> for at least two years from 1 May.",THREATEN,SANCTION
"<s>Israel</s> threatened to ban voting in <t>East Jerusalem</t> if Hamas, which advocates <s>Israel</s>'s destruction, ran in the election.",THREATEN,THREATEN
<s>Israel's Cabinet</s> met Sunday and decided to approve a plan that will not allow candidates from the militant group <t>Hamas</t> on the ballots there.,THREATEN,REJECT
<s>President Yoweri Museveni</s> has threatened to ban <t>Ugandan</t> opposition candidates from participating in the upcoming elections.,THREATEN,THREATEN
<s>President Laurent Gbagbo</s> announced on Sunday that he will extend the night-time curfew in <t>Algiers</t> in response to recent unrest within the city.,THREATEN,COERCE
<s>President Abdelaziz Bouteflicka</s> threatened to institute a curfew in <t>Algiers</t> in response to recent unrest within the city.,THREATEN,THREATEN
<s>Iraq's interim government</s> announced that it is prepared to impose martial law as street battles raged in central <t>Baghdad</t> between insurgents and security forces.,THREATEN,COERCE
Radical <s>French farmers</s> said on Friday they would blockade <t>Paris</t> from Monday night to demand an end to the European Community's drastic farm reform.,THREATEN,PROTEST
<s>Druze inhabitants of the Syrian Golan Heights</s> threatened today to hold a general strike unless <t>Israel</t> rescinded its annexation of the region within 10 days.,THREATEN,THREATEN
"The <s>Soviet Union</s> has threatened to stop negotiations to reduce long-range nuclear weapons if the <t>United States</t> goes ahead with the planned deployment of new medium-range nuclear missiles in Europe, the Washington Post reported today.",THREATEN,THREATEN
"The <s>European Community</s> may halt mediation efforts among <t>Yugoslavia</t>'s feuding republics if cooperation by all parties founders, Dutch Foreign Minister Hans Van den Broek said on Tuesday.",THREATEN,REJECT
<s>U.N. Secretary-General Kofi Annan</s> announced on Monday that he will withdraw weapons inspectors and humanitarian workers from <t>Iraq</t>.,THREATEN,YIELD
<s>Cairo's security chief</s> has warned that police will no longer tolerate rallies by the <t>Kifaya</t> (``Enough'') group.,THREATEN,THREATEN
"<s>Osama bin Laden's al-Qaeda terror network</s> has threatened to deliver devastating blows to the <t>United States and Israel</t>, a Saudi-owned weekly reports.",THREATEN,THREATEN
<s>NATO</s> confirmed on Wednesday it would tighten the naval blockade of the rump <t>Yugoslav</t> state in the Adriatic with Albania's help.,THREATEN,COOPERATE
"<s>Ethnic Albanians</s> have sworn to fight until they gain control of villages near <t>Macedonia</t>'s border with Kosovo, <t>Macedonia</t>n officials said Wednesday.",THREATEN,THREATEN
The <s>Hamas</s> threatened Monday to resume terrorist activities in <t>Israel</t> in an escalation of the intifada (uprising).,THREATEN,THREATEN
<s>Iran</s> today threatened to launch a new military offensive in its Gulf war with <t>Iraq</t> unless Baghdad accepted its conditions for ending the 28-month-old conflict.,THREATEN,THREATEN
"<s>Iran</s> threatened to shell <t>Iraqi</t> towns today in retaliation for an air raid on the southern city of Susangerd where, it said, 100 people were killed.",THREATEN,THREATEN
"A <s>terror group based in Trinidad</s> claims to be manufacturing chemical and biological weapons to use against the <t>United States and Britain</t>, according to a media report Sunday.",THREATEN,THREATEN
<s>Peru</s> has issued an ultimatum to <t>Ecuador</t> to halt attacks across their disputed jungle border.,THREATEN,THREATEN
The <s>Homeland Union</s> (Conservatives) began collecting signatures in part of a drive to convince the <t>Lithuanian Parliament</t> to amend the constitution so that same-sex marriages are banned.,PROTEST,REJECT
"Up to 100 <s>ethnic Albanians</s> demonstrated on Tuesday in the <t>Yugoslav province of Kosovo</t>, where 24 people were killed in nationalist riots last March, Belgrade radio said.",PROTEST,PROTEST
"Angry activists from the defeated <s>Fatah Party</s> have staged rallies in the Gaza Strip against the party's leader <t>Mahmoud Abbas</t>, saying he must resign.",PROTEST,PROTEST
Tens of thousands of university <s>students throughout Indonesia</s> staged mass demonstrations Saturday to demand political reforms by <t>President Suharto</t>'s government.,PROTEST,PROTEST
Thousands of <s>Nigerians</s> from throughout the country were converging Thursday for a rally in Lagos to protest the rights violations under the recently imposed Sharia law by <t>Islamic fundamentalists</t> in the northern districts.,PROTEST,PROTEST
"Thousands of <s><t>Iraq</t>i Kurds</s> demonstrated in the northern city of Kirkuk on Sunday calling for independence from <t>Iraq</t>, witnesses said.",PROTEST,PROTEST
"Up to 1,000 <s>ethnic Turks</s> began a hunger strike on Monday to protest against <t>Sweden</t>'s decision to send them back to Bulgaria, where they say they face imprisonment, homelessness and persecution.",PROTEST,PROTEST
<s>Islamic fundamentalists</s> continued their hunger strike to demand the resignation of <t>Algerian President Ahmed Ben Bella</t>.,PROTEST,PROTEST
"A member of the <s>Syrian parliament</s>, Mohammed Mamoun, started a hunger strike yesterday to protest <t>President Assad</t>'s failure to usher in meaningful political reforms.",PROTEST,PROTEST
"<s>Algerian landowners</s> began a hunger strike outside Parliament to demand the return of property seized by <t>Algerian government forces</t> in the 1970s, APS news agency said.",PROTEST,PROTEST
"<s>Salaheddine Sidhoum</s>, Algeria's leading human rights activist, staged a 24-hour hunger strike in prison on Sunday in protest against the widespread human rights violations by <t>Algerian security forces</t>, his lawyer said on Tuesday.",PROTEST,PROTEST
A group of <s>Chenchen refugees</s> are continuing a hunger strike in protest of the <t>Russian government</t>'s refusal to accept the independence of Chechnya.,PROTEST,PROTEST
<s>Palestinians of the Israeli-occupied West Bank</s> shunned work on Monday to protest at settlement of <t>Soviet Jewish immigrants</t> on Arab land.,PROTEST,PROTEST
The <s>fundamentalist Umma (Nation) party</s> has said it will boycott <t>Algeria</t>'s first multi-party elections unless the president agrees to step down.,THREATEN,REJECT
"Some 500,000 workers affiliated with the <s>Serbian Workers' Union</s> (SSS) stopped work on the first day of an open-ended strike on Monday over a controversial employment bill signed in by <t>Serbian Labour Minister Dragan Milovanovic</t>.",PROTEST,PROTEST
Seven <s>opposition parties in Nepal</s> have organized a general strike that shut down <t>Khatmandu</t> in protest of last week's arrest of a number of activists.,PROTEST,PROTEST
"Angry <s>French paper workers</s> blocked the <t>Europe Bridge</t> spanning the Rhine from France to West Germany for more than three hours by dumping sawdust on the roadway, French border police said.",PROTEST,PROTEST
About 200 <s>supporters of former President Ahmed Ben Bella</s> blocked roads in the capital city of <t>Algiers</t> demanding that he be reinstated as leader of the Algerian government.,PROTEST,PROTEST
<s>Rebels in the Ivory Coast</s> on Tuesday blocked transport into Abidjan as they continued their effort to overthrow the government of <t>President Laurent Gbagbo</t>.,PROTEST,COERCE
"Demonstrators in <s>Baghdad</s> blocked a road to show their disapproval for the <t>United States</t>' military policies, a newspaper reported Tuesday.",PROTEST,PROTEST
Young <s>Algerians</s> blocked roads leading to the city centre on Sunday to press their demands for greater freedom and opportunities from <t>President Bouteflika</t>'s government.,PROTEST,PROTEST
Hundreds of thousands of people blocked streets in <s>Hong Kong</s> in defiance of <t>Chinese authorities</t> to demand democratic reforms.,PROTEST,PROTEST
"<s>Palestinian prisoners</s> rioted Monday at this jail in northern <t>Israel</t>, setting fire to their mattresses and smashing furniture, police sources said.",PROTEST,PROTEST
<s>Egyptian</s> demonstrators rioted following a peaceful demonstration calling for the immediate removal of <t>President Hosni Mubarak</t> from office.,PROTEST,PROTEST
<s>Palestinian</s> riots against <t>Israeli military</t> policies are still continuing with no end in sight.,PROTEST,PROTEST
"<s>Palestinian</s> youths resorted to throwing stones during demonstrations against the alleged human rights violations by the <t>Israeli military</t>, officials said on Thursday.",PROTEST,PROTEST
"Prisoners rioted at a jail in <s>East Timor's capital Dili</s> on Monday joining thousands of demonstrators in demanding a referendum on independence from <t>Indonesian</t> rule, locals said.",PROTEST,PROTEST
The <s>Macedonian army</s> prepared to resume shelling <t>Albanian rebel</t>-held territory as attempts to resolve the crisis on the political front were deadlocked.,MOBILIZE,MOBILIZE
<s>Israeli troops</s> remained on alert in the occupied <t>West Bank</t> today to forestall more violence after a week of unprecedented Palestinian civil unrest.,MOBILIZE,MOBILIZE
The <s>government of Sindh province</s> has ordered patrols by police and paramilitary soldiers after violent protests by <t>Muslim</t> groups.,MOBILIZE,MOBILIZE
"<s>Israel</s> has strengthened its forces in <t>Lebanon</t> following the discovery of Soviet-made Katyusha rockets in the area last week, military sources said today.",MOBILIZE,MOBILIZE
<s>Britain</s> mobilized army reservists for a possible war against <t>Iraq</t> on Tuesday while UN arms inspectors said they needed more time.,MOBILIZE,MOBILIZE
"<s>North Korea</s> has trained more than 500 computer hackers capable of launching cyber warfare against the <t>United States</t>, South Korea's defense ministry said Monday.",MOBILIZE,THREATEN
"<s>Italy</s> announced a suspension of air links with <t>Yugoslavia</t> on Wednesday, one day after a Yugoslav army jet shot down a helicopter carrying EC truce monitors.",SANCTION,SANCTION
"A <s>French minister</s> has cancelled a planned visit to <t>Haiti</t> after a state of siege was declared in the one-time French colony, the Foreign Affairs Ministry said on Sunday.",REJECT,SANCTION
"<s>Switzerland</s> said today it had expelled two <t>Soviet</t> diplomats based in Geneva for spying, adding to a long series of espionage scares.",SANCTION,COERCE
The <s>United States</s> announced Wednesday it would prohibit all aid to <t>Albanian rebels</t> in Macedonia and would deny entry to the <s>United States</s> to all individuals undermining stability there.,THREATEN,SANCTION
<s>Red Cross</s> officials suspended aid deliveries in <t>Baghdad</t> on Wednesday after two of their vehicles were hit by gunfire and a staff member went missing.,SANCTION,SANCTION
<s>Japan</s> said on Tuesday it had halted economic aid to <t>Yugoslavia</t> in line with Western efforts to end the fighting there.,SANCTION,SANCTION
"The <s>United States</s> suspended part of a military aid program for <t>Bosnia</t> aimed at bringing <t>Bosnia</t>n Croat and Moslem armed forces together as a unified identity, the New York Times reported on Friday.",SANCTION,SANCTION
"The <s>United Nations</s> on Tuesday reduced food supplies to the biggest <t>Cambodian refugee camp</t> in Thailand because rice was being diverted to outside users, relief officials said.",SANCTION,SANCTION
"<s>President Bill Clinton</s> has imposed sanctions on the <t>Taliban</t> religious faction that controls Afghanistan for its support of suspected terrorist Osama bin Laden, the White House said Tuesday.",COERCE,SANCTION
"<s>Palestinians</s> and <t>Israelis</t> failed to reach agreement on the fate of Palestinian offices in east Jerusalem Sunday, despite hours of tense negotiations, sources on both sides reported.",REJECT,REJECT
<s>Syrian officers</s> today ended mediation efforts between rival <t>militias in Tripoli</t> as shells continued crashing into the north Lebanese port and the death toll rose to more than 200.,SANCTION,REJECT
"Eighty <s>UN</s> peacekeepers were shipped out of the eastern <t>Bosnian</t> enclave of Gorazde Friday, leaving just 100 <s>UN</s> troops to follow them out later this month.",SANCTION,AID
"<s>North Korea</s> expelled inspectors of the <t>International Atomic Energy Agency</t>, or IAEA, from frozen nuclear facilities at Yongbyon after U.S. officials alleged that the North admitted it had a uranium-based program in late 2002.",SANCTION,YIELD
"<s>Jakarta</s> forced the <t>UN refugee agency</t>, UNHCR, out of the country following the relief operation, although it had more than $12m of unspent donations.",SANCTION,COERCE
<s>Turkish police</s> prevented the demonstration staged by <t>students at Cumhuriyet University</t> near AKP offices in Sivas on 15 October to protest the decision of sending troops to Iraq.,COERCE,COERCE
"<s>Croatian authorities</s> are failing to uphold the property rights of <t>Croatian Serb refugees</t>, a human rights group protested here Wednesday.",COERCE,PROTEST
"In an unprecedented move, <s>Palestinian police in Jericho</s> confiscated weapons and explosives from <t>Palestinian armed groups</t>, the Israeli army said Friday.",COERCE,COERCE
"<s>Afghan guerillas</s> blew up three main electric power lines leading into <t>Kabul</t> last month and nearly one third of the city's power supply is still down, the Czechoslovak news agency Ceteka reported from <t>Kabul</t> today.",ASSAULT,ASSAULT
"<s>Jewish settlers in the West Bank city of Hebron</s> set fire to the offices of the <t>Palestinian administrators</t> of Muslim property overnight following the killing of an Israeli man, Palestinian residents said Sunday.",ASSAULT,ASSAULT
"<s>Israeli army</s> bulldozers demolished <t>Palestinian</t> homes and civilian buildings in southern Gaza on Sunday, <t>Palestinian</t> officials and US witnesses said.",ASSAULT,ASSAULT
The <s>British</s> government on Monday outlawed the largest <t>Protestant extremist organization in Northern Ireland</t> because of what it called its direct involvement in killing in the strife-torn province.,COERCE,COERCE
"<s>Nicaragua's Sandinista government</s> today ordered the opposition newspaper <t>La Prensa</t> to suspend publication indefinitely, a spokesman for the paper said.",COERCE,COERCE
<s>President Yoweri Museveni</s> has banned <t>Ugandan opposition</t> candidates from participating in the upcoming elections.,COERCE,COERCE
"<s>Turkish authorities</s> have imposed a curfew in the town of <t>Cizre</t> in southeastern Turkey after a demonstration over fraud allegations in Sunday's local elections, security sources said here Tuesday.",COERCE,COERCE
"The military government of <s>President Prosper Avril</s> declared a 30-day state of siege in <t>Haiti</t> on Saturday, suspending parts of the constitution and arresting political opponents, a spokeswoman for the U.S. embassy said.",COERCE,COERCE
"<s>Israeli soldiers</s> arrested more than 100 <t>Palestinians</t> on Saturday in a security sweep of the Hebron area of the occupied West Bank, military sources said.",COERCE,COERCE
"<s>Ghanaian authorities</s> have deported 168 <t>Liberians</t> for traveling without proper documents on a Swedish-registered vessel, a port official said Monday.",COERCE,COERCE
<s>Liberian riot police</s> used tear gas to disperse demonstrators protesting election results in <t>Monrovia</t>.,COERCE,COERCE
"<s>North Korea</s> has tried to hack into the computers of <t>South Korean army</t> officers, officials said Tuesday.",COERCE,COERCE
"<s>Muslim hackers</s> angered by the publication of cartoons of the Prophet Mohammed have defaced nearly 3,000 <t>Danish Web sites</t> over the past month in the biggest politically motivated cyber attack long-time observers have ever seen.",COERCE,COERCE
"A temporary camp for <t>Congolese refugees</t> was attacked by <s>Burundian militiamen</s> armed with machetes, killing at least 156 people, the UN refugee agency reported.",ASSAULT,ASSAULT
"<s>Afghan rebels</s> have kidnapped up to 16 <t>Soviet</t> civilian advisers from a town bazaar and exploded a series of bombs in the capital Kabul, western diplomatic sources in neighboring Pakistan said today.",ASSAULT,ASSAULT
"<s>Israeli soldiers</s> routinely beat up <t>Palestinian</t> detainees on the occupied West Bank with the knowledge of senior officers, a court martial was told today.",ASSAULT,ASSAULT
"<s>U.S. border patrol</s> agents sexually abused illegal <t>Mexican</t> immigrants with impunity, a human rights organization charged on Saturday.",ASSAULT,ACCUSE
"<s>Security forces in Guinea</s> have tortured scores of <t>Sierra Leonean and Liberian refugees</t>, whom authorities blame for a border conflict, Human Rights Watch (HWR) said Thursday.",ASSAULT,COERCE
"A <t>Palestinian prisoner</t> died as a result of torture while in <s>Israeli police</s> custody, according to a report by a pathologist sent to Israel by Physicians for Human Rights.",ASSAULT,COERCE
"<s>Irish nationalist guerrillas</s> wounded two <t>British soldiers</t> in a bomb attack on Thursday, police said.",ASSAULT,ASSAULT
"Two <s>Palestinian</s> suicide bombers killed 23 people as well as themselves late Sunday when they blew themselves up in <t>Tel Aviv</t> in the second-worst attack in the current <s>Palestinian</s> uprising, police said.",ASSAULT,ASSAULT
"At least three <t>Iraqi civilians</t> have been killed in a suicide car bombing in central <s>Baghdad</s>, Iraqi police said.",ASSAULT,ASSAULT
A prominent <t>anti-Syria journalist</t> has been killed in a car bomb explosion in a residential sector of mostly <s>Christian eastern Beirut</s>.,ASSAULT,ASSAULT
"A roadside bombing near the town of <s>Samarra</s> on Sunday killed one <t>U.S. soldier</t> and wounded two others, the military said.",ASSAULT,ASSAULT
Three <t>US servicemen</t> were killed by an improvised explosive device outside of the <s>Iraqi</s> city of Basra.,ASSAULT,ASSAULT
"The <s>Sri Lankan army</s> has been holding thousands of <t>Tamil civilian refugees</t> as human shields in the battle zones of the southern sector of the Jaffna peninsula, according to a press release by the Liberation Tigers.",ASSAULT,COERCE
"An attempt to assassinate <t>deputy governor of the Tyumen</t> region, Oleg Chemezov, was thwarted in <s>Khanty-Mansiysk</s> (Siberia), the city's police reported.",ASSAULT,ASSAULT
"<s>Militants loyal to Iraq's Al-Qaeda frontman Abu Musab al-Zarqawi</s> said they attempted to assassinate outgoing <t>Prime Minister Iyad Allawi</t>, in a statement posted on the internet.",ASSAULT,ASSAULT
<s>Hezbollah</s> guerrillas killed the deputy chief of <t>Israel's militia ally in southern Lebanon</t> Sunday sources on both sides said.,ASSAULT,ASSAULT
"One <t>Serb policeman</t> was murdered in an attack on a police patrol by <s>Kosovo Albanians</s> near the border with Kosovo, state agency Tanjug reported Sunday.",ASSAULT,ASSAULT
"<s>Vietnamese</s> and <t>Kampuchean forces</t> were battling for control of a strategic base near the border today, Thai military sources said.",ASSAULT,ASSAULT
"<s>Palestinian gunmen</s> attacked an <t>Israeli</t> village close to the West Bank Sunday and killed an <t>Israeli</t>, public television reported.",ASSAULT,ASSAULT
"<s>Israel</s> Friday reimposed blockades in the <t>West Bank</t> following the shooting deaths of two <s>Israel</s>is a day earlier, a military spokesman announced.",COERCE,SANCTION
"The <s>Soviet Union</s> closed its southern borders with <t>Iran and Turkey</t> because of fighting between Azerbaijanis and Armenians, an editor at the official Armenian news agency said.",COERCE,SANCTION
"<s>Vietnamese-led forces</s> have retaken a strategic village in <t>Western Kampuchea</t> after fierce fighting with guerrillas who overran it late last month, Thai military sources said today.",ASSAULT,ASSAULT
"<s>Burmese troops</s> have captured part of a <t>Karen guerrilla</t> stronghold on the Thai border after five days of fighting, Thai police here said on Monday.",ASSAULT,ASSAULT
"<s>Israel</s> today mounted its long-threatened invasion of <t>South Lebanon</t>, ploughing through the United Nations lines on the coast of south of Tyre and thrusting forward in at least to inland areas.",ASSAULT,ASSAULT
"<s>Sudanese rebels</s> shelled the southern regional capital <t>Juba</t> for the first time in a year on Sunday and Monday, killing about 20 people, relief officials in Nairobi said.",ASSAULT,ASSAULT
"<s>Egyptian police</s> opened fire to disperse <t>Moslem fundamentalist</t> demonstrators on Monday night, killing one person and arresting 12, security sources said.",ASSAULT,ASSAULT
A minefield explosion near the town of <s>Samarra</s> killed two <t>Iraqi youths</t> and wounded five others on Sunday.,ASSAULT,ASSAULT
"<s>Vietnamese-led forces</s> launched artillery, mortar, and rocket fire against <t>Kampuchean guerrilla</t> camps near the eastern Thai border today, killing or wounding 50, Thai military sources said.",ASSAULT,ASSAULT
"<s>Israeli</s> tanks fired four shell bombs at targets in <t>Jericho</t>, witnesses said, in a rare incident in the West Bank city.",ASSAULT,ASSAULT
<s>Soviet</s> aircraft including helicopter gunships killed 46 <t>Afghan</t> civilians in an attack on a village in the western province of Heart.,ASSAULT,ASSAULT
<s>Israeli</s> helicopters and tanks shelled positions of the <t>Palestinian</t> security forces and residential areas near the town of Rafah.,ASSAULT,ASSAULT
<s>British</s> aircraft using precision guided missiles killed 4 <t>Iraqis</t> in an attack on a suspected weapons supply in Basra.,ASSAULT,ASSAULT
"Recent <s>US</s> Predator attacks, occurring about once every three days, have killed at least eight top <t>al-Qaeda leaders</t> since last July, according to Pentagon sources.",ASSAULT,ASSAULT
"Both the <s>Phillippines military</s> and the <t>Moro Islamic Liberation Front</t> are guilty of violating the ceasefire agreement signed in March 2001, according to a group that conducted simultaneous fact-finding missions in Lanao, Maguindanao, and Cotabato provinces last week.",ASSAULT,REJECT
"The <s>Israeli army</s> forced out on Wednesday more than 1,000 <t>Palestinian refugees</t> from their homes in a West Bank refugee camp during a 48-hour search for militants, residents said.",ASSAULT,COERCE
"<s>Sudan's government</s> is responsible for mass killings and other atrocities in the <t>Darfur</t> region, according to a United Nations report.",ASSAULT,ACCUSE
"<s>Serb forces</s> were engaged in ethnic cleansing in Kosovo against the majority <t>Albanian population</t> of the province, according to the US government.",ASSAULT,ASSAULT
<s>The United Nations</s> has repeatedly refused to send peacekeepers to <t>Darfur</t>.,REJECT,REJECT
<s>Zimbabwean opposition leader Morgan Tsvangirai</s> has threatened to pull out of a power-sharing deal with <t>Robert Mugabe</t> following the Zimbabwean president's unilateral decision to award key cabinet posts to his ruling ZANU-PF party.,THREATEN,THREATEN
<s>Thailand's military government</s> on Friday praised <t>the U.S. State Department</t>'s decision to upgrade the country in its annual report on efforts to fight human trafficking.,SUPPORT,SUPPORT
<s>Indian troops</s> remained on alert Wednesday in <t>New Delhi</t> for Hindu-Muslim riots.,MOBILIZE,MOBILIZE
"<s>The West Bengal government</s> denied permission to <t>other BJP leaders</t> including party president Amit Shah and Union minister Smriti Irani to conduct rallies, ahead of the Lok Sabha election.",REJECT,REJECT
"<s>Mohammad Radmanish, an Afghan defence spokesperson</s>, welcomed <t>NATO</t>'s decision to send more troop trainers.",SUPPORT,SUPPORT
<s>Maduro's vice president</s> has violated <t>a EU's ban</t> on entry into Spanish territory.,REJECT,REJECT
"On 30 April, <s>New Zealand police</s> arrested <t>a man in Christchurch</t> following reports of a suspicious item at a property in the city.",COERCE,COERCE
<s>The U.S.</s> announced a suspension of aid to <t>Guatemala</t> and threatened to withdraw certain trade preferences.,SANCTION,SANCTION
"In 2017, <s>the Atomic Energy Organization of Iran (AEOI)</s> signed a contract with <t>the China National Nuclear Corporation (CNNC)</t> covering the initial phase of the Arak reactor's redesign, adds Batmanghelidj.",SUPPORT,AGREE
<s>Armenia</s> and <t>Azerbaijan</t> have agreed to a ceasefire in their conflict over the enclave of Nagorno Karabakh.,AGREE,AGREE
"NEW YORK - <s>A US judge</s> has dropped federal female genital mutilation charges filed against <t>a Michigan doctor</t>, ruling that Congress overstepped its authority in prohibiting a practice best left to state courts.",YIELD,REJECT
<s>The foundation</s> later issued a statement denouncing the <t>Reuters story</t>.,ACCUSE,ACCUSE
<s>Turkey</s> extradited <t>a US citizen</t> suspected of being an Islamic State militant.,COERCE,COERCE
"<s>The Kenyan government</s> has lifted a ban preventing <t>the international charity Marie Stopes</t> from providing any abortion services, following warnings the ruling endangered the lives of thousands of women.",YIELD,YIELD
<s>The students</s> expressed full support for <t>the Pakistani armed forces</t> and said they would be contributors and not bystanders for the bright future of Pakistan and they would not be swayed by detractors of any type.,SUPPORT,SUPPORT
"<s>Taliban militants</s> have seized control of <t>an army base in northern Afghanistan</t>, killing and capturing dozens of government soldiers.",ASSAULT,ASSAULT
"<s>Austria's immigration authorities</s> have deported <t>children</t>, most of whom spent the majority of their lives here, to Georgia and Armenia.",COERCE,COERCE
"<s>Bangladesh</s> said it cannot accept any more refugees from <t>Myanmar</t>, the first time the country has threatened to close its borders to Rohingya fleeing violence.",THREATEN,THREATEN
<s>Iranian-backed Houthis</s> have violated <t>a UN-brokered ceasefire</t> more than 200 times in less than two weeks.,ASSAULT,REJECT
"<s>Ukraine</s> and <t>Russia</t>, overseen by France, Germany and the Organization for Security and Cooperation in Europe (OSCE), signed two agreements in the Belarusian capital, Minsk -- in September 2014 and February 2015 -- to establish a cease-fire and a road map to a lasting peace in eastern <s>Ukraine</s>.",SUPPORT,AGREE
<s>Opposition leaders</s> demanded an explanation from <t>Lee</t> after he made the remarks at a campaign rally Wednesday.,REQUEST,REQUEST
<s>Afghan President Ashraf Ghani</s> announced a unilateral eight-day ceasefire with <t>the Taliban</t> on Tuesday amid an increasingly bloody war.,YIELD,AGREE
<s>Pete Wilson</s> signed an agreement to promote bilateral trade and tourism with <t>Israel</t>.,SUPPORT,AGREE
"<s>Political parties aligned to Iran</s> have demanded the withdrawal of all <t>US-led forces</t>, despite the continuing threat posed by the Sunni jihadist group.",ACCUSE,REQUEST
<s>The UN Security Council</s> simultaneously lifted all sanctions against <t>Iran</t>.,YIELD,YIELD
<s>Sudan</s> is willing to withdraw its troops from <t>Abyei</t>.,AGREE,YIELD
"<s>Boko Haram militants</s> attacked <t>an army base in northeast Nigeria</t>, killing one soldier, military sources told AFP Friday, a day after regional leaders urged more international support to fight the jihadists.",ASSAULT,ASSAULT
"Hours before Saturday's announcement, <s>Taliban militants</s> stormed <t>an Afghan military base</t> in the western province of Herat, killing at least 17 soldiers, officials said.",ASSAULT,ASSAULT
"At a summit between Russia, Iran and Turkey on Friday, <s>President Vladimir Putin</s> rejected <t>Erdogan</t>'s call for a truce in Idlib, home to about 3 million civilians.",REJECT,REJECT
"<s>Chinese President Xi Jinping</s> will meet <t>regional rival Japan's Prime Minister Shinzo Abe</t>, at a time when both are worried about nuclear-armed North Korea which has just declared its first successful intercontinental ballistic missile test.",AGREE,CONSULT
"<s>Israel</s> has said it will not lift the embargo until <t>U.N. peacekeepers and the Lebanese army</t> take positions along the Syrian border to block arms shipments to Hezbollah from its two main supporters, Iran and Syria.",REQUEST,REQUEST
"We condemn and reject this decision of <t>the US Senate</t>, <s>Turkish Vice President Fuat Oktay</s> tweeted on Friday.",ACCUSE,REJECT
<s>North Korea</s> has violated a ban by <t>UN</t> on the export and import of ballistic missile and nuclear-related items as well as conventional arms and luxury goods.,REJECT,REJECT
"<s>Isis fighters</s> have surrendered their final scrap of territory in Syria to <t>US-backed forces</t>, giving up land they once declared a caliphate.",YIELD,YIELD
<s>Egypt</s> had agreed to open its borders to allow <t>Iran</t> send humanitarian aid to the Gaza Strip.,AGREE,AGREE
"<s>International Monetary Fund Managing Director Kristalina Georgieva</s> on Saturday pledged the IMF's full support for <t>Somalia</t>'s push for debt relief in the ""near future.""",SUPPORT,AGREE
<s>The European Parliament</s> has approved a strongly worded resolution criticizing <t>the Nicaraguan government</t> on human rights and calling for sanctions.,ACCUSE,ACCUSE
<s>The EU</s> has imposed sanctions on <t>China</t> based on Xinjiang related lies and false information.,COERCE,SANCTION
<s>Saudi Arabia</s> eased curfew hours it had imposed on <t>several cities</t> during the month of Ramadan to allow people more time to shop for essential needs within the boundaries of their neighbourhoods.,YIELD,YIELD
"<s>A US activist and former political prisoner</s> has filed a lawsuit against <t>a former Egyptian prime minister</t> who now lives in Washington DC, arguing he was illegally jailed and tortured as part of a brutal crackdown by Cairo in 2013.",ACCUSE,ACCUSE
"On Dec. 11, 2009, <s>ICE</s> returned to <t>the Peruvian government</t> eight cultural religious artifacts.",YIELD,AID
<s>The Nigerian Air Force (NAF) </s>has carried out massive surgical operations to alleviate the medical challenges of <t>Internally Displaced Persons (IDP) in Borno State</t>.,COOPERATE,AID
"<s>A three-judge panel of the Jerusalem District Court</s> on Wednesday unanimously rejected <t>Prime Minister Benjamin Netanyahu</t> for an exemption from attending the opening of his public corruption trial which will take place on Sunday.The decision appeared to be a move by the court to set the tone that it is in control now that the trial is actually starting, regardless of the fact that ""Defendant No.",REJECT,REJECT
"<s>Prime Minister Theresa May</s> on Friday welcomed <t>the European Union</t>'s decision to delay Brexit, saying that lawmakers in the British parliament now had clear choices about what to do next.",SUPPORT,SUPPORT
"<s>Knesset member and Blue and White party leader Benny Gantz</s> had declared his full support for <t>Netanyahu's military moves</t> on Nov. 13, although he made sure to keep this separate from politics in saying unequivocally that he supports a unity government.",SUPPORT,SUPPORT
<s>Islamic State forces</s> hold <t>several hundred families</t> as human shields in the Iraqi city of Falluja.,ASSAULT,COERCE
<s>Scotland Yard</s> has opened six investigations looking into claims <t>the Oscar-winning actor</t> attacked men while in Britain.,ACCUSE,ASSAULT
"<s>Prime Minister Yoshihiko Noda</s> has apparently accepted demands from <t>the powerful business lobby, Keidanren</t>, that nuclear energy continue in a limited form to alleviate potential energy shortages.",YIELD,AGREE
"<s>The Nigerian Air Force (NAF) </s>has destroyed <t>a Boko Haram Terrorists (BHTs) camp</t> at Abulam, a settlement on the fringes of the Allagarno Forest, in Borno State.",ASSAULT,ASSAULT
"<s>The Israeli military</s> said Friday it had begun airstrikes in <t>the Gaza Strip</t> in response to a rocket attack on Tel Aviv -- which was the first time the city, some 50 miles north of Gaza, was targeted by rocket fire since a 2014 war against Gaza militants.",ASSAULT,ASSAULT
"<s>The Jani Khel tribe</s> agreed to call off their protest in <t>Pakistan</t> against the killing of four young men, who they allege were tortured and killed by <t>Pakistan</t>i security forces.",AGREE,AGREE
One of the key points <s>the U.S.</s> has pushed on <t>the Islamic extremist group</t> during negotiations is that it must begin a direct dialogue with the Afghan government.,REQUEST,REQUEST
"<s>The US Ambassador, Stuart Symington</s>, paid a courtesy visit to <t>President of Senate</t> early this morning in his office.",CONSULT,CONSULT
<s>Pakistan government</s> announced it will return weapons and other equipment seized from <t>Pakistani people</t>.,AGREE,YIELD
<s>Premier Li Keqiang</s>'s visit to <t>Germany</t> will push forward bilateral economic and trade cooperation.,CONSULT,AGREE
<s>Matamoros workers</s> went on strike to protest <t>Mexican president</t>'s decision of doubling the minimum wage in Mexican states along the border.,PROTEST,PROTEST
"<s>Thai police</s> arrested <t>a Jordanian man</t> who confessed to murdering his one-year-old son by strapping the child into a stroller and pushing him into the Gulf of Thailand, the country's immigration head said on Tuesday.",COERCE,COERCE
"<s>Immigration and Customs Enforcement</s> returned approximately 100 ancient fossils to <t>the People's Republic of China</t> at their Washington embassy on May 26, 2010.",YIELD,AID
"<s>The Nigerian military</s> on Friday lifted a ban on <t>UNICEF</t> operations in the country's northeast, after accusing the aid agency of training spies supporting Boko Haram jihadists.",YIELD,YIELD
"PRISTINA -- <s>Kosovo's new prime minister</s> says he intends to abolish punitive tariffs on <t>Serbian goods</t>, as the two countries struggle amid an international push for them to establish diplomatic relations.",AGREE,AGREE
"<s>Yemen's warring parties</s> have agreed to a ceasefire in <t>Hodeidah</t>, a major flashpoint in the country's war.",AGREE,AGREE
WASHINGTON - <s>President Donald Trump</s> is imposing more sanctions on <t>Russia</t> in connection with the 2018 poisoning of a former <t>Russia</t>n spy and his daughter.,COERCE,SANCTION
<s>The U.S.</s> lifted sanctions against <t>a unit of China's biggest shipping company</t> that was accused of hauling Iranian crude in violation of American restrictions.,YIELD,YIELD
<s>Mikhail Gorbachev</s> announces that he is resigning as president of <t>the Soviet Union</t>.,YIELD,YIELD
<s>Cleveland officials</s> have imposed a curfew starting at noon that restricts access to <t>the city's downtown</t> until 8 a.m. Monday.,COERCE,COERCE
"<s>The UNSC</s> has imposed sanctions on <t>Lebanon</t> in relation to the 2005 terrorist bombing in Beirut, as well as in response to the 2006 conflict between Israel and Hezbollah.",COERCE,SANCTION
<s>A small group of protesters</s> seeking justice for Breonna Taylor have been participating in a hunger strike against human rights violations by <t>the Louisville Metro Police Department</t>.,PROTEST,PROTEST
"<s>Afghan President Ashraf Ghani</s>, rejected a meeting between the <t>Taliban and a large gathering of prominent Afghan figures, including former President Hamid Karzai</t>, in Moscow earlier this month.",REJECT,REJECT
"<s>Russian Prime Minister Mikhail Mishustin</s> had approved on November 11 a draft agreement on establishing a naval logistics base in <t>Sudan</t> and gave instructions to submit a proposal to the president on signing the document, according to TASS.",SUPPORT,AGREE
<s>Pakistan</s> has rejected <t>US assertions</t> it is a sanctuary for militants.,REJECT,REJECT
<s>Movement for Democratic Change (MDC) leader Morgan Tsvangirai</s> last week agreed to join a unity government with <t>President Robert Mugabe</t> after months of wrangling over cabinet posts had stalled a power-sharing deal signed last year.,AGREE,AGREE
"<s>UK</s> extradited radical Islamist preacher Abu Hamza al-Masri from to <t>the US</t>, where he will face a number of terrorism charges.",COOPERATE,COERCE
<s>Britain</s> says it will not accept any such proposal made by <t>the European Commission</t> to receive asylum seekers and refugees.,REJECT,REJECT
"While the BJP is wondering how to douse the fire over the land acquisition bill, <s>Uddhav Thackeray, the chief of ally Shiv Sena</s>, on Monday demanded a meeting of the <t>National Democratic Alliance (NDA) members</t>, to discuss the objectionable provisions of the bill.",REQUEST,REQUEST
<s>The European Union</s> is mobilising additional funds to support peace building in <t>Colombia</t>.,AID,AID
"<s>Hifter, who leads the Libya National Army (LNA) </s>and controls much of the country's eastern and southern regions, launched an offensive in April on <t>Tripoli, the seat of UN-recognized Government of National Accord (GNA) </t>.",ASSAULT,ASSAULT
"<s>Hong Kong lawmaker Eddie Chu, Hong Kong pro-democracy activist Joshua Wong and Luo Wen-jia, Secretary General of Taiwan's ruling Democratic Progressive Party (DPP)</s>, attend a press conference at <t>the DPP headquarters in Taipei</t> on September 3, 2019.",CONSULT,CONSULT
<s>France's prime minister Georges Clemenceau</s> demanded that <t>Germany</t> make reparations and join the League of Nations.,REQUEST,REQUEST
"<s>Iraqi forces</s> today started their assault on <t>Mosul's Old City</t> as they press their battle to retake the northern city from the Islamic State group, an army commander said.",ASSAULT,ASSAULT
"<s>Saudi Arabia's Council of Ministers, chaired by King Salman bin Abdulaziz</s>, reaffirmed the Kingdom's stance on the Palestinian cause and expressed its support of <t>the Palestinian people</t>, the Saudi Press Agency (SPA) reported on Tuesday.",SUPPORT,SUPPORT
Washington: <s>US President Donald Trump</s> has said he would call <t>Saudi Arabia's King Salman</t> on missing dissident journalist Jamal Khashoggi who is feared killed at the kingdom's consulate in Turkey.,ACCUSE,CONSULT
<s>Obama</s> gave <t>Russian President Vladimir Putin</t> a stern and personal warning to stop its activities.,THREATEN,THREATEN
"<s>The Delhi High Court</s> on Friday ordered release of <t>former youth Congress leader Sushil Kumar Sharma</t>, who has been serving life term for the murder of his wife Naina Sahni in 1995.",YIELD,YIELD
"<s>Syrian insurgent groups</s>, including the powerful Islamist Ahrar al-Sham, threatened to shell <t>all the bases of government forces in Hama province</t> if Damascus did not meet the demands of the inmates.",THREATEN,THREATEN
"<s>U.S. President Donald Trump</s> rejected <t>Russian President Vladimir Putin</t>'s proposal that Russian authorities be allowed to question American citizens, the White House said on Thursday, after the offer drew fierce criticism in the United States.",REJECT,REJECT
<s>US Vice-President Mike Pence</s> has promised support for <t>the Afghan government</t>'s efforts at restoring peace and bringing development to the country.,SUPPORT,AGREE
<s>Chinese government</s> had launched cyber-attacks on <t>141 organisations across 20 industries</t>.,COERCE,COERCE
<s>A Peruvian judge</s> ordered the arrest of <t>former President Pedro Pablo Kuczynski</t> on Wednesday while also authorizing a search of his properties as part of a probe into a bribery scheme linked to scandal-plagued Brazilian builder Odebrecht.,COERCE,COERCE
<s>Egypt's Cassation Court</s> rejected an appeal against initial rulings passed by <t>a Giza criminal tribunal</t> in December 2017.,REJECT,REJECT
<s>The Myanmar government</s> rejected <t>the UN's findings</t> and refused permission for a UN fact-finding team to enter the country.,ACCUSE,REJECT
<s>Troops and emergency aircraft from the United States</s> have arrived in <t>Nepal</t> to help deliver aid to remote areas hit by last week's devastating earthquake.,AID,AID
"<s>President of Madagascar Marc Ravalomanana</s> on Tuesday sent troops to <t>the areas of the Indian Ocean island country</t> controlled by former president Didier Ratsiraka, local media reported.",MOBILIZE,MOBILIZE
<s>Former US President Barack Obama</s> on Sunday held separate talks with <t>President Uhuru Kenyatta</t> in Nairobi.,CONSULT,CONSULT
"<s>Philippine President Rodrigo Duterte</s> has defended <t>China</t>'s protocols for handling the pandemic, saying his government shared information with the rest of the world promptly.",SUPPORT,SUPPORT
"<s>Charles Michel, the President-elect of the European Council</s>, has reaffirmed the European Union's support for <t>Ireland</t> during the Brexit process.",SUPPORT,SUPPORT
"<s>President Salva Kiir</s> has lifted a state of emergency in <t>northern parts of South Sudan</t>, state radio reported on Friday, part of efforts to help end civil conflict.",YIELD,YIELD
"<s>Syrian regime forces</s> launched a coordinated attack that included about 500 regime troops, 122mm howitzers, tanks and multiple launch rocket systems on <t>the US-backed SDF headquarters</t> in Deir al-Zor province approximately five miles east of the Euphrates River.",ASSAULT,ASSAULT
"<s>Saudi Arabia</s> announced a ceasefire initiative to halt the fighting in <t>Yemen</t>, but the Houthi rebels dismissed it as not serious.",YIELD,REJECT
"<s>France, an EU member, and the United Kingdom, an EU member for now</s>, are also providing military support to <t>the U.S.</t> by having their navy ships conduct sea patrols in the western Pacific.",AID,COOPERATE
"<s>Israeli President Reuven Rivlin</s> has eased parole restrictions on <t>ex-prime minister Ehud Olmert</t>, released from prison after serving two-thirds of a 27 -month sentence for corruption.",YIELD,YIELD
"The crackdown began after <s>Hun Sen</s> ousted <t>his coalition partner, Prince Norodom Ranariddh</t>, and routed his royalist soldiers in two days of fighting on July 5 and 6.",COERCE,ASSAULT
<s>The UK Prime Minister Boris Johnson</s> today signed an agreement with <t>President Volodymyr Zelenskyy of Ukraine</t> to strengthen the political and trade ties between the two countries.,SUPPORT,AGREE
<s>ISIS gunmen</s> killed <t>four Kurds</t> in a Kirkuk province village.,ASSAULT,ASSAULT
"<s>The Islamic State in West African Province, ISWAP</s>, the international affiliate of the Boko Haram terror outfit has released <t>two women</t> amongst those taken during the ambush of the Borno State governor's convoy along Dikwa and Gamboru Ngala highway on February 12, 2019.",YIELD,YIELD
"<s>The Taliban</s> have long rejected any talks with the <t>Afghan government</t>, which it dismisses as a puppet of Washington.",REJECT,REJECT
<s>President Duterte</s> will not lift the ban on deployment of workers to <t>Kuwait</t> until the <t>Kuwait</t>i government accepts the conditions he has laid down involving humane treatment of Filipinos in the wealthy Gulf state.,REQUEST,REJECT
Juba -- <s>South Sudanese President Salva Kiir</s> has granted an amnesty to <t>at least 750 troops of rebel leader Riek Machar</t> who crossed to the DR Congo when fighting broke out in Juba in July.,AID,AID
<s>The Czech Republic's prime minister</s> says he supports <t>European Council President Donald Tusk</t>'s proposal to grant Britain a longer delay than it has requested for its departure from the European Union.,SUPPORT,SUPPORT
"<s>The Oodua Peoples Congress (OPC) New Era</s> yesterday issued a 21-day ultimatum to <t>the Nigeria Police and other security agencies in the country</t> to fish out the killers of Mrs. Funke Olakunrin, the daughter of Afenifere leader, Pa. Reuben Fasoranti.",THREATEN,THREATEN
<s>Father Emmanuel Yousaf</s> said that <t>the government</t> must ensure security and protection for the church leaders and for all religious minorities.,REQUEST,REQUEST
"<s>Pakistan</s> on Thursday violated ceasefire across the Line of Control in Rajouri's Nowshera sector in <t>Jammu and Kashmir</t>, a Defence Public Relations Officer said.",ASSAULT,ASSAULT
"<t>Pasteur Bizimungu</t> was freed after serving two years of a 15-year term as an act of clemency by <s>President Paul Kagame</s> to build national unity, an official said.",YIELD,AID
"<s>Several thousand French police and soldiers</s> remained on alert in <t>Paris</t>, although the main Kanak separatist group said it would not disrupt voting today in the French election.",MOBILIZE,MOBILIZE
"<s>The Delhi Police</s> arrested <t>an alleged ISIS operative, identified as Abu Yusuf Khan</t>, with Improvised Explosive Devices (IEDs) weighing 15 kilograms and a pistol.",COERCE,COERCE
<s>The EU</s> and others have imposed sanctions on <t>Syrian President Bashar Assad's government</t> over its continued crackdown against civilians.,COERCE,SANCTION
<s>The Hungarian Civil Liberties Union (TASZ) </s>has said it will refuse to comply with <t>European Commission's provisions</t> in an act of civil disobedience.,REJECT,REJECT
"<s>Pakistan Army</s> launched a strategic offensive military operation, Operation Rah-e-Nijat, against <t>militants in South Waziristan Agency</t> on June 19, 2009.",ASSAULT,ASSAULT
<s>The U.S. military</s> launched air and artillery strikes on <t>Syrian government-backed troops</t> after some 300 attackers launched what appeared to be a coordinated assault on Syrian opposition forces accompanied by U.S. advisers in the province of Deir el-Zour.,ASSAULT,ASSAULT
<s>New Orleans attorney Randy Boudreaux</s> filed the lawsuit Thursday in U.S. District Court.,ACCUSE,REJECT
"<t>Refugees in Germany</t> have received food, clothing, hygiene items and children's toys, thanks to <s>Islamic Relief and our big hearted supporters</s>.",AID,AID
<s>Iraqi militia groups</s> said Thursday they will return weapons they seized from <t>Iraqi army</t>.,AGREE,YIELD
<s>Berlin police</s> arrested a <t>Russian citizen</t> claiming the name Vadim Sokolov shortly after the murder.,COERCE,COERCE
"<s>Germany</s>, <t>Italy and the US</t> are participating in the AsterX space war game at France's national space agency CNES in Toulouse, the first such exercise in France or in Europe.",COOPERATE,COOPERATE
"<s>Pakistan's Foreign Ministry</s> also condemned <t>the terrorist attack in Kabul</t>, saying that such assaults were detrimental to the cause of peace, security, and stability in Afghanistan.",ACCUSE,ACCUSE
<s>Azerbaijani hackers</s> launched cyber attacks on <t>a number of Armenian state and media websites</t>.,COERCE,COERCE
<s>AFP</s> will investigate any reports of human-rights violations being committed by <t>the military in Mindanao</t>.,ACCUSE,ACCUSE
"<s>IFC, a member of the World Bank Group</s>, has signed a landmark agreement with <t>the Fijian Government</t> to bring in the private sector to help provide affordable and climate-resilient homes for low and middle-income families.",SUPPORT,AGREE
"<s>Senate Democrats</s> boycotted <t>the vote to advance Judge Amy Coney Barrett's nomination</t> for a lifetime seat on the Supreme Court to the full Senate on Thursday, saying they will not give the process “further legitimacy” less than two weeks out from a presidential election that is already underway.",PROTEST,REJECT
"In addition, on Monday, <s>the United Nations</s> launched an international campaign to raise more than 282 million dollars to support <t>the victims of Cyclone Idai and floods in Mozambique</t>.",AID,AID
<s>The National Highway Traffic Safety Administration</s> is dispatching a team to <t>Detroit</t> to investigate a collision involving a Tesla that collided with a semitrailer.,ACCUSE,CONSULT
"<s>The Senate</s> is giving <t>the FBI</t> access to a transcript of a Senate Intelligence Committee interview with Maria Butina, a gun-rights activist suspected of being a covert Russian agent.",YIELD,SUPPORT
<s>French police officers</s> used batons and tear gas as <t>around one hundred people from local Chinese community</t> Monday evening staged a protest against the killing of a Chinese national at his home by police in a reported clash Sunday.,COERCE,PROTEST
<s>Libya's rival authorities</s> have announced an immediate ceasefire in <t>all Libyan territories</t>.,YIELD,YIELD
"<s>Norwegian authorities</s> are promoting freedom of religion or belief, which is a priority area in the Norwegian Government's work involving international human rights.",YIELD,SUPPORT
"Last year, <s>the Italian government</s> gave 300,000 euros or P13.4 million to the <t>WFP</t> to assist 1,600 farmers and their families in Marawi.",AID,AID
WASHINGTON -- <s>U.S. President George W. Bush</s> temporarily ceded presidential power to <t>Vice President Dick Cheney</t> Saturday for a routine colonoscopy.,YIELD,CONSULT
<s>Ukraine</s> and <t>Russia-backed separatist rebels</t> have failed to reach agreement on a prisoner exchange during another round of talks on the conflict in eastern <s>Ukraine</s>.,REJECT,REJECT
<s>France's conservative government</s> ended mediation efforts with <t>the truckers</t> on Thursday.,SANCTION,REJECT
"<s>Hussein</s> was responsible for mass killings of <t>Kurdish people</t> in the late 1980s, using poison gas to kill them and ordering killings of male Kurds.",ASSAULT,ASSAULT
<s>The White House</s> issued a veto threat of <t>a possible Senate resolution</t> as Pompeo and Mattis briefed the senators.,THREATEN,THREATEN
<s>The <t>Haitian</t> group Veye Yo</s> agreed to postpone the Saturday's demonstration in Haiti.,AGREE,AGREE
"PROVIDENCE, R.I. -- <s>Public school students and parents</s> are suing <t>Rhode Island's governor and education officials in federal court</t>, saying the state fails to prepare young people to fully participate in civic life.",ACCUSE,REQUEST
"<s>U.S. military aircraft, helicopters, and vessels</s> are giving the highest priority to the shipment of water to <t>the Haitian people</t>.",AID,AID
"<s>Israel Defense Forces</s> had distributed supplies including 300 tents, food, medicine and clothing to <t>people who had fled to the Golan Heights area near the Israeli border</t>.",AID,AID
"<s>Netanyahu</s> will hold talks in Moscow with <t>Russian President Vladimir Putin</t> on Feb. 21, focusing on Iran's threat along the Syrian border.",CONSULT,CONSULT
<s>Police in Los Angeles</s> have launched an investigation into an allegation of rape made against <t>Hollywood actor Armie Hammer</t>.,ACCUSE,ACCUSE
<s>Biden</s> refuse to lift sanctions to get <t>Iran</t> to the negotiating table.,REJECT,REJECT
"<s>India and the US</s> have both indicted <t>Sajid Mir</t>, for the three-day attacks on hotels, a train station and a Jewish centre which left 166 people dead.",ACCUSE,ACCUSE
<s>Italian police</s> arrested on Saturday <t>the German captain of a migrant-rescue ship</t> at the centre of a standoff with the Italian government after she docked at the port of Lampedusa.,COERCE,COERCE
"<s>Turkey</s> has agreed to a ceasefire in <t>Syria</t>, but key questions remain unanswered.",AGREE,AGREE
"<s>Ireland</s> annually provides €10 million in bilateral and multilateral aid to <t>the Palestinian people and organizations</t>, including €3.5 million through the UNRWA.",AID,AID
<s>An Ethiopian rebel group</s> declared a unilateral ceasefire on Thursday after parliament removed it from a list of banned terrorist groups as part of a reform drive led by the new prime minister.,YIELD,YIELD
"In a separate donation effort, the Overseas Community Affairs Council said that <s>Taiwanese businesspeople based in Indonesia</s> have started a donation campaign that has collected more than US$80,000 to help <t>earthquake victims</t>.",AID,AID
<s>Mine Safety and Health Administration</s> has sent a large team of agency experts to <t>Alabama</t> to investigate the worst mining accident in recent history.,ACCUSE,AID
Flights supporting the evacuation of sick <t>Afghan children</t> to <s>Germany</s> occurred in February and August 2000.,YIELD,AID
<s>The prosecutor's office</s> has ordered an investigation against <t>Jobbik</t>.,ACCUSE,ACCUSE
"<s>An Istanbul court</s> on September 13 formally charged <t>Erdogan</t> with terrorism, according to the volunteer journalist collective 140journos.",ACCUSE,ACCUSE
<s>UN</s> sanctions against <t>Iran</t> were lifted on 16 January 2016.,YIELD,SANCTION
<s>Prime Minister Yitzhak Shamir</s> expressed impatience Monday with <t>the reluctance of the Bush Administration</t> to break off talks with the Palestine Liberation Organization over an abortive guerrilla raid.,ACCUSE,REJECT
<s>George Papandreou</s> agreed to resign after an attempt last week to submit the bailout plan to a public referendum created a firestorm in global financial markets.,AGREE,AGREE
<s>United States President Donald Trump</s> said on Thursday that <t>the brutal oppression of the Venezuelan people</t> must end soon.,ACCUSE,ACCUSE
"<s>Saudi Arabia's ambassador to the UN Abdallah al-Mouallimi</s> pledged <t>the Kingdom</t>'s continued support for political efforts in Yemen, despite the Houthis' recent attack on two Saudi oil-pumping stations.",SUPPORT,SUPPORT
<s>Netherlands and Switzerland</s> immediately suspended military aid and weapons deals with <t>Pakistan</t>.,SANCTION,SANCTION
<s>The Nepali government</s> released <t>former Prime Minister Sher Bahadur Deuba and former Minister</t> for Physical Planning and Works Prakash Man Singh from jail at midnight Monday.,YIELD,YIELD
<s>United Nations</s> said <t>EU</t> must mediate US-Iran conflict.,REQUEST,REQUEST
"<s>Israeli Prime Minister Benjamin Netanyahu</s> will meet <t>French President Emmanuel Macron</t> in Paris in early December for talks expected to include developments in Lebanon, Netanyahu's office said on Sunday.",AGREE,CONSULT
<s>China</s> continues with its humanitarian efforts in Africa by donating medical supplies to <t>various African countries</t> to fight COVID-19.,AID,AID
<s>Bahrain's High Criminal Court</s> convicted <t>Iran's Future Bank</t> on money laundering charges.,ACCUSE,ACCUSE
"In 2015, <s>al Shabaab gunmen</s> killed <t>148 students at a university in Kenya's Garissa town near the Kenya-Somali border</t>, an attack that provoked shock and outrage in Kenya and abroad.",ASSAULT,ASSAULT
"Clashes between <s>Turkish</s> and <t>Syrian forces</t> continued intermittently on Tuesday around Saraqeb, a town 15km (9 miles) east of Idlib city.",ASSAULT,ASSAULT
"JUBA, Aug. 9 (Xinhua) -- <s>South Sudanese President Salva Kiir</s> on Wednesday night granted amnesty to <t>rebel leader Riek Machar</t>, a few days after warring parties signed a power-sharing deal in Sudan.",AID,YIELD
Earlier this month <s>the EU</s> announced fresh sanctions on <t>a unit of the Iranian intelligence agency and two individuals over alleged assassination plots</t>.,COERCE,SANCTION
"<s>Indonesia</s> has established diplomatic ties with <t>the South Pacific island nation of Nauru</t>, in what the <s>Indonesia</s>n government said is an effort to expand opportunities and strengthen links between the two countries.",SUPPORT,AGREE
"<s>The Taliban</s> have rejected <t>an Afghan government call</t> for a ceasefire for the Muslim holy month of Ramadan and to let authorities focus on tackling the coronavirus, raising new concern about prospects for a fragile peace process.",REJECT,REJECT
<s>U.S. President Donald Trump</s> has accepted an invitation to meet with <t>Kim Jong Un</t> to negotiate Pyongyang's nuclear program.,AGREE,AGREE
"<s>Indian troops</s> remained on alert at the Galwan Valley in <t>the Ladakh region of the western Himalayas</t> three days after the clash, in which India said 20 of its soldiers were killed and China had also suffered casualties.",MOBILIZE,MOBILIZE
"<s>New York Governor Andrew Cuomo</s> has declined to resign after allegations of harassment by several women, despite the pressure by <t>the US Congress</t>.",REJECT,REJECT
"At the EU summit in Copenhagen last week, <s>Czech Prime Minister Vladimir Spidla</s> and <t>Austrian Chancellor Wolfgang Schuessel</t> agreed that both parties will fulfill their existing obligations concerning Temelin.",SUPPORT,AGREE
<s>Pakistan-based groups</s> have launched cyber warfare against <t>India</t>.,COERCE,ASSAULT
<s>The US and South Korea</s> have reduced humanitarian aid to <t>Kim Jong-un's regime</t> in recent years over the country's persistent threats and continued nuclear weapons development.,SANCTION,SANCTION
<s>US President Donald Trump</s> on Saturday proposed a weekend meeting with <t>Kim Jong Un</t> at the demilitarized zone (DMZ) between North and South Korea.,AGREE,CONSULT
<s>A Moscow court</s> convicted <t>a Norwegian man</t> on Tuesday of spying on Russian navy submarines and sentenced him to 14 years in a hard labor camp.,COERCE,COERCE
"<s>U.S. President, Donald Trump</s> on Friday rejected <t>a UN arms trade treaty</t> approved by his predecessor Barack Obama and is currently waiting in the Senate for ratification.",REJECT,REJECT
<s>Secretary-General Antonio Guterres</s> will be attending <t>the Arab League summit in Tunis</t> this weekend.,CONSULT,CONSULT
<s>Croatia</s> has opened its borders to <t>refuges from Serbia</t>.,YIELD,AID
"<s>Russia</s> demanded a meeting of the <t>UN Security Council</t> to discuss the poisoning of former spy Sergei Skripal and his daughter, as tensions about the use of a chemical agent on British soil continued to escalate Wednesday.",REQUEST,REQUEST
<s>Japan</s> decided on Thursday to ease some sanctions on <t>North Korea</t> in return for its reopening of a probe into the fate of <s>Japan</s>ese citizens abducted by the reclusive state decades ago.,YIELD,YIELD
<s>The United States</s> eased some sanctions against <t>Burma</t>.,YIELD,YIELD
"Regardless of what the EU thinks, <s>Italian Prime Minister Giuseppe Conte</s> plans to sign a preliminary accord at the end of March when <t>Chinese President Xi Jinping</t> visits.",AGREE,AGREE
"<s>The European Commission</s> is allocating €95 million in humanitarian support to address the most pressing needs of people in <t>Yemen</t> amid record highs of child malnutrition, an imminent threat of famine and renewed fighting.",AID,AID
<s>The Islamic Resistance</s> will not release the soldiers unless <t>Israel</t> releases the Lebanese detainees.,REQUEST,REJECT
<s>Yvon Neptune</s> will not end the strike until <t>the Interim Government of Haiti (IGH) </t>drops the charges against him,THREATEN,REQUEST
<s>Defense Minister Waldir Pires</s> defended <t>Brazil</t>'s air traffic control system as one of the most secure in the world in testimony before Congress on Wednesday.,SUPPORT,CONSULT
"<s>Bulgaria's Minister for Foreign Affairs, Ekaterina Zaharieva</s>, has welcomed the visit by the <t>Sudanese Foreign Minister, Professor Ibrahim Ahmed Ghandour</t>, to her country saying the Sudan remains one of the best partners for the EU in combatting terrorism, violent fundamentalism, illegal migration and human trafficking.",SUPPORT,CONSULT
"Separately, <s>a Taliban suicide bomber</s> detonated his explosives-laden vehicle in the early morning Saturday near an <t>Afghan army base in southern Helmand province</t>, killing at least six people and wounding many more.",ASSAULT,ASSAULT
<s>The U.S. Treasury Department</s> removed the sanctions on <t>Rusal and other companies linked to Russian oligarch Oleg Deripaska</t>.,YIELD,YIELD
<s>A rebel leader</s> dropped his guns and surrendered on Friday in <t>the Democratic Republic of Congo</t>.,YIELD,YIELD
"WASHINGTON - <s>Attorney General William Barr</s> has declared a law enforcement emergency in <t>Alaska</t>, clearing the way for the Justice Department to award more than $10 million to combat crime in rural <t>Alaska</t>n communities.",COERCE,AID
"<s>Britain</s> is deploying 300 troops to the UN peacekeeping mission in <t>Mali</t> to help strengthen security and human rights there, its defense ministry said Thursday.",AID,AID
"<s>Secretary of State Rex Tillerson and Russian Foreign Minister Sergey Lavrov</s> will attend the meeting between <t>President Trump and President Vladimir Putin</t> at the G20 summit, along with translators for each side.",AGREE,CONSULT
"(Reuters) - <s>Philippine President Gloria Macapagal Arroyo</s> pardoned <t>Joseph Estrada</t> on Thursday, overturning a conviction by an anti-graft court that found the former movie star president guilty of plunder and jailed him for life.",YIELD,YIELD
<s>The FLA</s> will not release <t>the kidnap victims</t> in the coming weeks.,REJECT,REJECT
"<s>The Soviet Union</s> also lifted its boycott of <t>the Security Council</t>, allowing its ambassador to the UN to exercise his veto power again, thus eliminating the possibility of any further substantial action within <t>the Security Council</t>.",YIELD,YIELD
"<s>Russia</s> has refused to join in <t>the North Atlantic Treaty Organisation (NATO) </t>exercises, called Peace Shield 2000.",REJECT,REJECT
"Although, <s>US President Trump</s> in 2017 renouncing the President Obama's Af-Pak Policy has increased the US military in <t>Afghanistan</t>.",MOBILIZE,MOBILIZE
"<s>Somalia's al Shabaab fighters</s> attacked <t>a military base outside the capital Mogadishu</t> using car bombs and guns, killing 17 soldiers and taking control of the base and a nearby town, the group said on Friday.",ASSAULT,ASSAULT
<s>Russia</s> is ready to contribute to the normalization of the situation in <t>Mali</t> and the creation of conditions for lasting peace and stability there.,AGREE,AGREE
"<s>Spanish police</s> arrested <t>a Moroccan man</t> in Barcelona with suspected links to Islamic State who they believed was planning a militant attack, police said on Friday.",COERCE,COERCE
"<s>Syrian government warplanes</s> attacked <t>the final rebel-held city near Damascus</t> on Friday, killing dozens of people, as civilians who had spent days agonizing over whether to stay or go feared that their decision had been made for them.",ASSAULT,ASSAULT
"WASHINGTON - <s>The Senate</s> has confirmed <t>President Donald Trump's nominee</t> for a Philadelphia-based appeals court, despite opposition from the nominee's two home-state senators.",YIELD,SUPPORT
"<s>International Monetary Fund chief Christine Lagarde</s> has postponed a planned trip to the <t>Middle East</t> with a stop in Saudi Arabia for an investment conference, after a prominent journalist's disappearance.",REJECT,CONSULT
<s>The US</s> has offered logistical support to <t>French operations</t> in the country's former colony.,AGREE,SUPPORT
<s>RTC workers</s> will not end the strike until <t>the government</t> fulfils our demands.,REQUEST,REQUEST
<s>Britain</s> and <t>the United States</t> on Wednesday signed an agreement on customs processes to keep trade flowing smoothly between the two countries when <s>Britain</s> fully leaves the orbit of the European Union at the end of the year.,SUPPORT,AGREE
<s>Tajikistan</s> says it will not accept refugees from <t>Afghanistan</t> even if they are fleeing the country to avoid a military attack.,REJECT,REJECT
"<s>US troops</s> provided emergency food relief for <t>nearly four million people</t> in the first three months after the earthquake, the largest emergency food distribution ever.",AID,AID
<s>Zimbabwean police</s> have fired tear gas to break up protests against the country's worsening economic crisis in <t>the capital Harare</t>.,COERCE,ASSAULT
<s>Kuwait</s> launched a mediation effort between <t>the National Democratic Alliance and Hadas</t>.,CONSULT,CONSULT
"<s>Former Indian prime minister Atal Behari Vajpayee</s> followed by his successor Manmohan Singh agreed to dialogue with <t>Pakistani President Pervez Musharraf</t> over a range of issues including Kashmir, the Himalayan territory that is divided between India and Pakistan.",AGREE,AGREE
<s>Iran</s> threatened to attack <t>US Army base</t> and kill top general.,THREATEN,THREATEN
<s>The European Union</s> has imposed sanctions today against <t>Russia</t> for its involvement in the 2015 German Parliament (Bundestag) hack.,COERCE,SANCTION
<s>The U.S. Government</s> has provided peacekeeping training to <t>AMISOM</t> through the Department of State's Africa Contingency Operations Training and Assistance (ACOTA) program.,AID,AID
"<s>The International Monetary Fund board</s> last week approved a zero-interest, $118.2-million loan for recovery efforts in <t>Mozambique</t>.",AID,AID
"MANILA, Philippines -- <s>Candidates from an opposition coalition</s> have expressed support of <t>former Foreign Affairs Secretary Albert del Rosario and former Ombudsman Conchita Carpio Morales</t> for filing a communication before the International Criminal Court.",SUPPORT,SUPPORT
<s>EU and UN</s> hand over urgently needed essential medical supplies to <t>the Nigerian Government</t>.,AID,AID
"<s>The American government</s> has imposed sanctions intended to force out <t>Mr. Maduro</t>, but he has the support of some other nations, including Russia and China.",COERCE,SANCTION
<s>Texas League of United Latin American Citizens (LULAC) </s>is demanding resignation or removal of <t>Senator Ted Cruz</t> for inciting acts of sedition.,REQUEST,ACCUSE
<s>Libyan Prime Minister Fayez al-Sarraj</s> meanwhile rejected the <t>EU</t> proposal for asylum processing centres in his country.,REJECT,REJECT
"<s>Congress</s> will fully support <t>the Philippine Plan of Action to End Violence Against Children (PPAEVAC) </t>, Davao City Rep. Karlo Nograles said yesterday.",SUPPORT,SUPPORT
"<s>Ghana</s> closed its borders with <t>Ivory Coast, Togo and Burkina Faso</t> to address any security concerns related to the Sunday's run-off election.",ASSAULT,SANCTION
"According to the Hamas-run Gaza Health Ministry, since the launch of the demonstrations, <s>the Israeli army</s> has shot and killed 305 <t>Palestinian demonstrators</t>, including 59 children and 10 women.",ASSAULT,ASSAULT
"Washington, Nov 29 (IANS) <s>The US Senate</s> on Wednesday blocked <t>an expedited vote on legislation intended to protect Special Counsel Robert Mueller</t>, who's leading the Russia investigation, from being fired.",REJECT,REJECT
<s>The British government</s> has now reduced the humanitarian aid to the <t>Yemen</t>.,SANCTION,AID
"<s>Kyrgyz President Sooronbay Jeenbekov</s> resigned Thursday, after 10 days of unrest sparked by disputed parliamentary elections in <t>Kyrgyzstan</t>.",YIELD,YIELD
<s>The Seoul Central District Prosecutors' Office</s> has ordered <t>a former presidential staff member of Roh</t> to appear for questioning.,REQUEST,REQUEST
<s>Israel</s> has violated a ban on the transfer of civilian populations into territory the government occupies.,REJECT,COERCE
<s>Suharto</s> resigned as president of <t>Indonesia</t> on 21 May 1998 following the collapse of support for his three-decade-long presidency.,YIELD,YIELD
"<s>Mr. Sisi</s> has rejected <t>loud appeals to release Aya Hijazi, an American aid worker</t> imprisoned in Egypt, while Mr. Trump's White House is considering slashing foreign aid to countries including Egypt.",REJECT,REJECT
"<s>The United Kingdom's parliament</s> on Tuesday again rejected <t>Prime Minister Theresa May's Brexit deal</t>, throwing further uncertainty into how the country will break away from the European Union.",REJECT,REJECT
<s>Human Rights Watch</s> said that <t>Sudanese authorities</t> must ensure security so that Darfurians could safely return to their homes and farms.,REQUEST,REQUEST
<s>UN Security Council members</s> on Wednesday overwhelmingly rejected <t>Russia</t>'s draft resolution on humanitarian aid border crossings into Syrian rebel strongholds.,REJECT,REJECT
"<s>Gokul Baskota</s> said that the Government will not remove the sanctions on <t>outlawed Bikram Chand-led Communist Party of Nepal (CPN-Maoists-Chand) </t>, reports Republica.",REJECT,REJECT
"Last August, <s>a UN report</s> accused <t>the Myanmar military</t> of mass killings and rapes of Rohingya with ""genocidal intent"" in 2017 in an operation that drove more than 700,000 of them to flee to Bangladesh, according to UN agencies.",ACCUSE,ACCUSE
The <s>Russian</s> and <t>US navies</t> today began a joint military exercise in the sea of japan to test their capability of joint salvage operations at sea.,COOPERATE,COOPERATE
<s>Hong Kong police</s> arrested <t>a man on a London-bound flight</t> on on suspicion of having stabbed a police officer in the arm during 's protests.,COERCE,COERCE
"MANILA, Philippines -- <s>President Duterte</s> supports a plan to implement a major revamp in <t>the Philippine National Police</t> as the PNP struggles to survive the controversy brought by the alleged involvement of some police officers in the recycling of illegal drugs seized during raids.",AGREE,SUPPORT
<s>Mexico</s> had decided to grant political asylum to <t>Evo Morales</t> in virtue of the urgent situation which he faces in Bolivia.,AID,AID
"In fact, <s>North Korea</s> also refused to accept a request from <t>the Chinese public security</t> for repatriation of 20 <s>North Korea</s>n defectors imprisoned in Dandong prison in Liaoning Province, China in February.",REJECT,REJECT
<s>Iran's Supreme Leader</s> on Monday rejected <t>US President Donald Trump</t> of unconditional talks to improve bilateral ties and he also accused the Iranian government of economic mismanagement in the face of reimposed US sanctions.,REJECT,REJECT
"One year from today, <s>the UN</s> will lift its travel ban on <t>key Iranian officials including IRGC commander Qasem Soleimani</t>, the pro-Israel lobby tweeted.",AGREE,YIELD
<s>Rep. Alexandria Ocasio-Cortez</s> (D-N.Y.) Thursday demanded <t>the removal of President Trump</t> either using the 25th Amendment or impeachment.,REQUEST,REQUEST
"<s>Obama</s> Increases Number of <t>Syrian Refugees</t> for U.S. Resettlement to 10,000.",AID,AID
"<s>Jeremy Hunt, the Foreign Secretary</s>, on Thursday dismissed <t>the suggestion of a prisoner swap for a British-Iranian mother</t> being held in Tehran as a ""vile"" diplomatic ploy.",REJECT,REJECT
<s>The FARC</s> said that they will lay down arms in <t>Colombia</t> in exchange for being able to participate in politics.,AGREE,AGREE
<s>Zulu nationalist leader Mangosuthu Buthelezi</s> on Tuesday angrily rejected <t>President Nelson Mandela's threat</t> to cut off funding to KwaZulu/Natal province if the Inkatha Freedom Party continued to make threats against the central government.,REJECT,REJECT
<s>Algeria's President Abdelaziz Bouteflika</s> has resigned after weeks of <t>massive street protests</t>.,YIELD,PROTEST
<s>Russia</s> has strengthened its forces in <t>Crimea</t> amid ongoing confrontation with Ukraine in the Kerch Strait and the Sea of Azov.,MOBILIZE,MOBILIZE
"<s>The United Nations</s> has suspended aid deliveries to <t>100,000 people in Serb-held parts of Bosnia</t> to press Serb forces into allowing food convoys to reach two Muslim towns that are believed to be in desperate need.",SANCTION,SANCTION
"<s>Vladimir Putin, the Russian president</s>, will meet <t>Angela Merkel, the German chancellor</t>, on Saturday for talks about conflicts in Ukraine and Syria, as well as the controversial Nord Stream 2 gas pipeline.",AGREE,CONSULT
"<s>The Red Cross</s> has provided financial assistance to <t>about 550 households</t> using funds donated to the organization's New Brunswick flood appeal, she said.",AID,AID
"However, last month, <s>US President Donald Trump</s> had halted the talks with <t>the Taliban</t>.",SANCTION,SANCTION
<s>Azerbaijani forces</s> violated the ceasefire about 80 times this morning.,ASSAULT,ASSAULT
"<s>Russia</s> gave to <t>Armenia</t> some of the military equipment without demanding payment or as loans, SIPRI research showed.",AID,AID
<s>Students</s> have called for Egyptians to join Friday's mobilization against <t>army rule</t> in a march from Cairo's Ain Shams university.,THREATEN,PROTEST
<s>National Security Agency</s> has been sharing raw intelligence information with <t>the Israeli government</t> without first filtering it for data on the communications of American citizens.,COOPERATE,COOPERATE
<s>The US Trump administration</s> has imposed sanctions on <t>its NATO ally Turkey</t> for acquiring the Russian S-400 missile defense system.,COERCE,SANCTION
BUENOS AIRES -- <s>A court in Argentina</s> on Tuesday convicted <t>two former Ford Motor executives</t> and sentenced them to prison for helping the country's military dictators kidnap and torture 24 workers during the 1970s.,COERCE,COERCE
<s>The Philippines</s> says it will not accept refugees sent by <t>Australia</t> unless they are only there temporarily.,REJECT,REJECT
"<s>A Czech court</s> on Tuesday released <t>Syrian Kurdish leader Salih Muslim</t>, who Turkey wanted extradited on terrorism charges.",YIELD,YIELD
"<s>Belarusian President Alyaksandr Lukashenka</s> has met with <t>his Russian counterpart, Vladimir Putin</t>, for talks expected to focus on Belarus's recent overtures to the United States and Russia's increasing economic pressure on Minsk.",CONSULT,CONSULT
<s>The British government</s> has announced that it will not lift the ban on <t>Sri Lanka's Tamil Tigers</t>.,REJECT,REJECT
"<s>The European Union</s> has criticised <t>the dissolution of one of the main opposition parties, Future Forward</t>, a setback for political pluralism in Thailand.",ACCUSE,ACCUSE
"<s>Flavia Nardelli Piccoli, Vice President of the Commission for Culture, Science, and Education of the Italian Chamber of Deputies</s>, condemned terrorist attacks in <t>Tehran</t>.",ACCUSE,ACCUSE
<s>Israel's military</s> has carried out several attacks on <t>the Syrian army and its ally Lebanese Shia movement Hezbollah</t> since the start of the conflict in Syria,ASSAULT,ASSAULT
"<s>The Palestinian government</s>, thus, rejects and condemns <t>the US administration</t>'s decision, and calls it a clear violation to the international legitimacy's resolutions and all humanitarian and international laws, said Al-Mahmoud.",ACCUSE,ACCUSE
<s>Ireland</s> has already provided over €3.5 million in humanitarian funding to <t>Lebanon</t> in 2020.,AID,AID
<s>Myanmar Government</s> has said it would allow UN agencies access to <t>parts of northern Rakhine state</t> for humanitarian aid.,AGREE,AGREE
"<s>Tarre</s> plans to keep attending <t>OAS sessions</t> and representing Venezuela, even though Maduro's government announced plans to hold a rally next Saturday to celebrate its departure from the organization.",AGREE,CONSULT
"<s>The court</s> ordered an investigation against <t>former Costa Rican president Oscar Arias, the former environment minister Roberto Dobles, and the former director of the National Technical Secretariat of the Environment Ministry (SETENA) Sonia Espinoza</t>, for the signing of permits and the decree which declared the project in the public interest and allowed it to move forward.",ACCUSE,ACCUSE
"<s>Britain</s> was responsible for the killing of <t>24 unarmed Malayan civilians</t> who were shot dead by British troops during a campaign against Communist insurgents, a London court ruled on Tuesday, contradicting the official government position.",ASSAULT,ASSAULT
"On Sunday, <s>Prime Minister Yusuf Raza Gilani</s> accepted demands from <t>former Prime Minister Nawaz Sharif</t> in a bid to further defuse Pakistan's political crisis.",YIELD,AGREE
"On February 25, <s>Home Minister Amit Shah</s> had discussed the situation with <t>the Delhi chief minister and leaders of various parties</t>.",CONSULT,CONSULT
"<s>Algeria</s> must boycott relations with <t>coup government in Egypt</t>, says politicians.",ACCUSE,REJECT
"<s>Congo</s> is boycotting <t>two planned U.N. events</t> focusing on the central African nation because it was not consulted on the agenda or expected outcome, the president's top adviser said Wednesday.",PROTEST,REJECT
"<s>A French court</s> on Monday found <t>former premier Francois Fillon</t> guilty of charges of creating a fake job for his wife, using taxpayer money.",ACCUSE,ACCUSE
"Netherlands: <s>Britain's Electoral Commission</s> has blamed very short notice from <t>the government of the UK's participation in European Parliament elections</t>, after many EU citizens complained they were unable to vote in Britain on Thursday.",ACCUSE,REQUEST
"Separately, <s>Indian police</s> arrested <t>a youth from the Hajin town in Bandipora district</t> and dubbed him an ""over-ground worker"" of a fighters' organisation.",COERCE,COERCE
<s>Fiji's Governor General Ratu Sir Penaia Ganilau</s> said today that he has refused to swear in <t>coup leader Lt. Col. Sitiveni Rabuka</t> and his ministers and announced plans to call elections in the Pacific island.,REJECT,REJECT
<s>Papandreou</s> agreed to resign without returning to <t>Greek government</t> because of the insistence of opposition parties that he not participate in any new coalition government.,AGREE,AGREE
MOSCOW -- A <s>Moscow court</s> on Tuesday found <t>a Norwegian man</t> guilty of espionage and sentenced him to 14 years in a high-security prison.,COERCE,COERCE
"<s>The US</s> has strengthened its forces in <t>the Gulf</t>, saying there was a danger of Iranian attacks.",MOBILIZE,MOBILIZE
"<s>American authorities</s> shared evidence with <t>their European counterparts</t> to allow officials in Ukraine, Moldova and Georgia to initiate prosecutions in the nations where the defendants reside.",COOPERATE,COOPERATE
"<s>Police in the western German city of Mainz</s> later detained <t>a fifth suspect, a 26-year-old Syrian man with no prior criminal record</t>, after searching the apartment where he was found.",COERCE,COERCE
"<s>Egypt</s> has released <t>Al Jazeera journalist Mahmoud Hussein</t> after more than four years in detention on accusations of publishing false news, a security source said Friday.",YIELD,YIELD
"<s>Italian police</s> have arrested <t>an American citizen</t> on suspicion of brutally murdering a shopkeeper in the city of Viterbo, near Rome, authorities told CNN Sunday.",COERCE,COERCE
<s>South Sudan</s> on Saturday lifted the state of emergency in <t>four of the country's states</t> as a means to pace reunification of forces in greater Bahr el Ghazal amid party's consensus to extend the pre-transitional period of six months.,YIELD,YIELD
<s>The European commission</s> has delegated the blame onto <t>the Greek government and administration</t> despite providing them with over EUR2bn in aid.,ACCUSE,ACCUSE
<s>Theresa May</s> has met <t>German Chancellor Angela Merkel</t> at a summit in Estonia in a bid to push for progress in Brexit talks.,CONSULT,CONSULT
<s>The Afghan armed forces</s> pounded <t>the Taliban hideouts</t> with heavy artillery and airstrikes in northeastern Badakhshan province of Afghanistan.,ASSAULT,ASSAULT
"<s>Kony and the LRA</s> are responsible for mass killings, rapes and child abductions throughout <t>Central African Republic</t>.",ASSAULT,ASSAULT
"N'DJAMENA (Reuters) - <s>Chadian army helicopters</s> killed <t>two civilians</t> in bombing runs over a gold mining town along the Libyan border, where government forces have clashed with a fledgling rebel movement, a family member of the victims and an intelligence official said.",ASSAULT,ASSAULT
<s>British Prime Minister John Major</s> and <t>Irish Prime Minister John Bruton</t> agreed to the framework document designed to build on a six-month-old ceasefire and create a lasting settlement of 25 years of conflict.,SUPPORT,AGREE
<s>President Vladimir V. Putin</s> said <t>Edward J. Snowden</t> would not receive political asylum in Russia unless he stopped publishing classified documents that hurt the interests of the United States.,THREATEN,THREATEN
<s>New Zealand police</s> said they have detained <t>four people in connection with deadly shootings at two mosques in Christchurch</t> on Friday.,COERCE,COERCE
"<s>The Ministry of Health</s>, under impulse of the President, demanded support from <t>the Belgian Development Cooperation</t> in order to offer quality health care to all in Senegal.",REQUEST,REQUEST
<s>Germany</s> is a long-standing partner of WFP's assistance in <t>South Sudan</t> and has contributed close to US$141 million since independence in 2011.,AID,AID
"<s>Indian police</s> arrested <t>Jammu and Kashmir Liberation Front (JKLF) Chairman Muhammad Yasin Malik</t> from his office at Aabi Guzar in Srinagar on Tuesday to stop him from carrying out an election boycott drive, said Kashmir Media Service.",COERCE,COERCE
<s>The Polish foreign ministry</s> summoned <t>Germany's charge d'affaires</t> in Warsaw on Wednesday to complain of what it said were inaccuracies and bias in German media coverage of Poland's presidential election.,REQUEST,ACCUSE
MEXICO CITY - <s>Federal police and soldiers</s> say they have arrested the leader of <t>the Rojos gang</t> that sowed terror in southern Mexico.,COERCE,COERCE
"<s>UN troops</s> remained on alert today against further violence following the church attack, which the government blamed on remnants of <t>Seleka</t>, a rebel force that briefly seized power in 2013.",MOBILIZE,MOBILIZE
"<s>Brazil's Supreme Federal Court (STF) </s>on Monday ordered an investigation against <t>President Jair Bolsonaro</t>, due to accusations by former Justice Minister Sergio Moro.",ACCUSE,ACCUSE
"WASHINGTON -- <s>U.S. President Donald Trump's reelection campaign</s> has filed a libel lawsuit against <t>The New York Times (NYT) </t>, accusing it of falsely asserting a trade-off between Russian officials and the president's 2016 campaign.",ACCUSE,ACCUSE
"Fourth, <s>the Pakistan Army</s> has destroyed <t>several TTP terrorist camps in Afghanistan's area of Parcha and Lalpura</t>.",ASSAULT,ASSAULT
<s>The Israel Navy</s> arrested <t>a stowaway aboard a Turkish merchant ship</t> on Sunday after the man attempted to set the vessel ablaze outside Haifa Port.,COERCE,COERCE
<s>USAID</s> deployed seven search-and-rescue teams as part of an international rescue effort that saved more than 130 lives in <t>Haiti</t>.,COOPERATE,AID
"<s>President Bush</s> helped establish <t>an emerging democratic Afghan government</t> improving the lives of the Afghan people, especially women and children.",COOPERATE,SUPPORT
"While greeting Wang on April 5, <s>Putin</s> hailed <t>the Chinese legislature</t>'s unanimous decision last month to reappoint Xi as president with no limit on the number of terms he can serve.",SUPPORT,SUPPORT
<s>US</s> government agreed to lift embargoes against <t>OPEC</t>.,AGREE,AGREE
<s>Mexico</s> and <t>the United Kingdom</t> signed an agreement to continue trading after the UK leaves the EU.,SUPPORT,AGREE
<s>The American Civil Liberties Union of Massachusetts and Lawyers for Civil Rights</s> filed a lawsuit in Boston federal court Thursday challenging <t>the Aug. 7 decision by U.S.</t> .,ACCUSE,REJECT
"<s>Republicans in Congress</s> refuses to lift sanctions on <t>Iran</t>, thus persuading the country to halt its cooperation.",REJECT,REJECT
<s>US Senator Nicholas Kettle</s> has declined to resign his Senate seat while he contests the charges.,REJECT,REJECT
"<s>The U.N. World Food Program (WFP) </s>had announced last week that it reduced humanitarian aid for <t>50,000 people in Idlib</t> due to security concerns.",SANCTION,AID
"<s>German Chancellor Angela Merkel</s> also rejected <t>Poroshenko</t>, urging Kyiv to adopt a ""sensible"" approach ""because there is no military solution to these disputes.""",REJECT,REJECT
<s>Iraqi President Barham Salih</s> met <t>US President Donald Trump</t> on Wednesday at Davos during the economic summit.,CONSULT,CONSULT
"<s>A civil rights organization, Legislative Probity and Accountability</s>, yesterday issued the <t>Lagos House of Assembly</t> five days deadline within which they should account for the N28.8 billion running cost which they collected under the leadership of Mudashiru Obasa.",REQUEST,REQUEST
<s>China</s> lifted its boycott of <t>South Korean businesses and flight routes</t>.,YIELD,YIELD
<s>United States</s> suspended military aid to <t>Guatemala</t> due to concerns over human rights violations.,SANCTION,SANCTION
"<s>The UN</s> has partially suspended aid to <t>parts of Yemen controlled by Houthi rebels</t>, accusing them of misappropriating supplies.",SANCTION,SANCTION
"<s>The U.S. Defense Department</s> has suspended military aid to <t>Guatemalan police</t> over the questionable use of armored vehicles donated by Washington, officials said Thursday.",SANCTION,SANCTION
<s>The Taliban</s> on Sunday revoked their ban on <t>the International Committee of the Red Cross (ICRC) in Afghanistan</t> and gave a guarantee of security for its staff doing humanitarian work in areas under their control.,YIELD,YIELD
<s><t>Cyprus</t> government</s> agreed to a further extension of the UNFICYP peacekeeping force in <t>Cyprus</t>.,AGREE,AGREE
<s>Spanish police</s> arrested <t>a 33-year-old Moroccan man</t> on Friday in Barcelona who had fought in Syria for the Islamic State group.,COERCE,COERCE
<s>British Government</s> will not lift the ban imposed on the <t>LTTE</t>.,REJECT,REJECT
"<s>China</s> and <t>the Eurasia Economic Union (EAEU)</t> on Thursday signed an agreement on trade and economic cooperation, the first major systematic arrangement ever reached between the two sides.",SUPPORT,AGREE
<s>The government</s> refused to allow <t>the Aalan Kurdi</t> to dock.,REJECT,REJECT
"<s>The European Commission</s> opposes <t>Theresa May</t>'s plan to delay Brexit until 30 June, according to a leaked internal EU diplomatic note.",REJECT,REJECT
"<s>Brazil's main oilworkers' confederation</s> called off a five-day strike against <t>state-led oil company Petrobras</t>, a union spokeswoman said on Friday.",YIELD,REJECT
<s>Spokesperson of the government Gokul Baskota</s> has said that the government will not lift the ban on <t>outlawed Netra Bikram Chand</t>.,REJECT,REJECT
"As of January 20, <s>USAID</s> had contributed $90 million to <t>the U.N. appeal</t>, including $22 million in non-food assistance and $68 million in food assistance.",AID,AID
<s>El Salvadoran president</s> outlawed <t>the Communist Party</t> and assumed direct control over universities.,COERCE,COERCE
<s>Hundreds of British troops</s> have arrived in <t>Mali</t> to join the United Nations peacekeeping mission there.,COOPERATE,AID
"<s>The Taliban</s> has refused direct talks with the <t>Afghan government</t>, which it views as a U.S. puppet, saying it will only negotiate the end of the 17-year war directly with Washington.",REJECT,REJECT
<s>Russian police</s> on Saturday detained <t>dozens of supporters of opposition leader Alexei Navalny</t> as nationwide protests kicked off on the eve of Vladimir Putin's inauguration for a fourth Kremlin term.,COERCE,COERCE
<s>The U.S. Department of Justice</s> has shared evidence with <t>Mexico</t> under a treaty between the two nations.,COOPERATE,COOPERATE
<s>President Vladimir Putin</s> on Thursday defended <t>Russia</t>'s involvement in Iraqi Kurdistan's energy sector.,SUPPORT,SUPPORT
"<s>U.S. Secretary of State Mike Pompeo</s> begins a meeting of <t>the United Nations Security Council</t> during the 73rd session of the U.N. General Assembly, at U.N. headquarters, Thursday, Sept. 27, 2018.",CONSULT,CONSULT
<s>Turkey</s> and <t>Syria</t> are violating the ceasefire agreement by continuing to battle last night.,ASSAULT,ASSAULT
"<t>Eighteen Italian fishermen</t>, held captive in Libya for more than 100 days, have been freed by <s>Libya forces</s>, ending a political standoff between the two countries over the fate of the men.",YIELD,YIELD
<s>The Taliban</s> on Sunday rejected an offer from the <t>Afghan government</t> to extend a three-day ceasefire as the country reeled from two deadly suicide attacks in the eastern city of Jalalabad.,REJECT,REJECT
"<s>The Bulgarian economist Kristalina Georgieva</s>, who will take over on Oct, 1 as the new leader of the IMF, held her first bilateral meeting at the organization headquarters with <t>Argentine Treasury Minister Hernan Lacunza</t> on Wednesday.",CONSULT,CONSULT
<s>Colombia's leftist rebels</s> said yesterday they would release three of the dozens of <t>high-profile Colombian hostages</t> they are holding as bargaining chips with the Colombian government.,AGREE,YIELD
"<s>The United States</s> has provided <t>the Lebanese Armed Forces (LAF) </t>with aircraft, vehicles, weapons, and other equipment to help keep the country's borders secure and conduct counterterrorism operations.",AID,AID
"Canberra: <s>Australian Prime Minister Scott Morrison</s> on Thursday rejected <t>a Daesh bride</t> to return home, saying she had to face the consequences for her actions.",REJECT,REJECT
<s>US President Donald Trump</s> set a 30-day deadline for <t>the UN health agency</t> to make significant reforms or risk losing funding.,THREATEN,THREATEN
"<s>The Southwark Crown Court</s> convicted <t>Amazon</t> of four counts of causing dangerous goods to be delivered for carriage in an aircraft, which was a breach of air safety regulations.",ACCUSE,COERCE
<s>The NATO chief</s> will hold talks with <t>President Recep Tayyip Erdogan and Foreign Minister Mevlut Cavusoglu</t>.,AGREE,CONSULT
Stopping treatment came four days after <s>France's highest court</s> quashed <t>a Paris court decision</t> to resume feeding so the United Nations could examine the case.,REJECT,REJECT
"Earlier, <s>Israeli military</s> struck a target in <t>the Gaza Strip's eastern border regions</t> with artillery, but no casualties were reported.",ASSAULT,ASSAULT
"<s>Senior Palestinian official Nabil Shaath</s> on Friday rejected <t>US President George W. Bush's peace plan</t> for the Middle East as offering ""more potential for failure than one of success"".",ACCUSE,REJECT
"<s>The Supreme Court</s> has ordered an investigation against <t>Temer and Rocha Loures</t> for corruption, criminal organization and obstruction of justice, triggering the worst political crisis in Brazil since Temer took office last year.",ACCUSE,ACCUSE
"Both <s>Britain and France</s> imposed blockades to limit <t>American merchants</t>, though the dominant British navy was clearly more successful.",COERCE,SANCTION
"<s>The U.S.</s> has offered to send up to 30,000 troops to distribute supplies in <t>Somalia</t>.",AGREE,AID
"<s>USAID and other international donors</s> provided support for the installation of more than 11,500 latrines and 25 water systems to <t>Haitian people</t>.",AID,AID
<s>Indian Prime Minister Narendra Modi</s> pledged his country's support to <t>the Palestinian people</t> during a visit to Ramallah on Saturday.,SUPPORT,SUPPORT
<s>Turkish President Erdogan</s> agreed to a ceasefire halting Turkey's incursion into <t>northern Syria</t>.,AGREE,AGREE
"<s>Greek Foreign Minister Nikos Dendias</s> on Monday called for sanctions against <t>Turkey</t>, saying that the country had failed to heed the warnings over its actions in the Eastern Mediterranean issued by the European Council in October.",ACCUSE,REQUEST
<s>The UN</s> had provided food assistance to three million people a month in <t>Yemen</t>.,AID,AID
"<s>The family of the Kentucky teen</s> filed a defamation lawsuit against <t>The Washington Post</t> on Tuesday, seeking $250 million in damages for its coverage of the incident.",ACCUSE,REJECT
<s>The chairman of the Uzbek State Security Services</s> expressed his appreciation for <t>the Pakistan Army</t>'s professionalism and efforts towards regional stability.,SUPPORT,SUPPORT
<s>The Taliban</s> rejected on Monday an <t>Afghan government</t> offer of a ceasefire and they would persist with their attacks.,REJECT,REJECT
<s>The U.N. Security Council</s> on Wednesday lifted sanctions imposed on <t>Eritrea</t> nine years ago.,YIELD,YIELD
"<s>The KRG government</s> rejected <t>the Iraqi and Turkish</t> demands, arguing that the Kurds' role in defending Kirkuk against Islamic State justified the hoisting of their flag.",REJECT,REJECT
<s>Troops of the U.S. southern command</s> stationed <t>along the Panama canal</t> wednedsay and carried out an emergency evacuation exercise in a school.,AID,MOBILIZE
<s>Libyan authorities</s> suspended military aid to <t>the country's rebel groups</t> after the ousting of Gaddafi.,SANCTION,SANCTION
<s>Erdogan</s> will meet <t>European Council President Charles Michel and European Commission President Ursula von der Leyen</t> in Brussels at 6pm local time (1700 GMT) on Monday.,AGREE,CONSULT
"<s>President Trump</s> has suspended aid to <t>El Salvador, Guatemala and Honduras</t> to stem migration to the United States.",SANCTION,SANCTION
"<s>The EU</s> is ready to contribute to the peacekeeping operation in <t>Georgia's conflict zones</t>, but a clear and achievable objective is needed for a mission of this kind.",AGREE,AID
<s>Mexico and Canada</s> agreed to lift retaliatory tariffs on <t>American products</t>.,AGREE,AGREE
"<s>The U.S. Supreme Court</s> in May rejected <t>Indiana</t> of a lower court ruling that blocked the state's ban on abortion based on gender, race or disability.",REJECT,REJECT
<s>Obama</s> refused to provide military aid to <t>the Ukraine</t>.,REJECT,REJECT
"<s>Philippine President Rodrigo Duterte</s> has offered to send troops to <t>Jordan</t> to help combat Islamist militants, after agreeing to deepen military cooperation with the Middle Eastern nation to fight extremism.",AGREE,AGREE
<s>Britain</s> and <t>Germany</t> have agreed to share information on company ownership to try clamping down on tax evasion.,AGREE,AGREE
<s>Turkish leader</s> refused to meet <t>Trump's national security envoy</t>.,REJECT,REJECT
<s>Congo government</s> rejects demands from <t>rebel group</t>.,REJECT,REJECT
"Under the deal U.S. and Taliban negotiators signed Feb. 29, <s>the Afghan government</s> would release <t>5,000 Taliban prisoners</t> before intra-Afghan talks, which were slated to begin Tuesday.",AGREE,YIELD
<s>The Guatemalan government</s> declared a state of siege Sunday in <t>the northern province of Alta Verapaz</t> after it has become overrun by a Mexican drug-trafficking group.,COERCE,COERCE
"On April 3, <s>the U.S. Government (USG) </s>announced nearly $33 million in additional assistance to populations affected by Tropical Cyclone Idai in <t>Mozambique and Zimbabwe</t>.",AID,AID
"<s>Syria's government</s> has passed a bill lifting <t>the country</t>'s emergency law, in place for 48 years, just hours after security forces fired on protesters.",YIELD,YIELD
<s>Four British Muslim</s> suicide bombers killed 52 people in coordinated attacks in <t>London</t>.,ASSAULT,ASSAULT
<s>The United States</s> returned two paintings to <t>the government of Brazil</t>.,YIELD,AID
<s>The authorities</s> have imposed a curfew in the <t>New York City</t> and ramped up police presence after violence and looting incidents were reported across the city amid widespread protests triggered by the custodial killing of African-American George Floyd.,COERCE,COERCE
"<s>Italy's Prime Minister</s> gave permission for <t>a top U.S. official</t> to meet Rome's intelligence services as part of Trump-lead efforts to discredit claims he has ties with Russia, media reported on Wednesday.",YIELD,CONSULT
"At a time when Africa is trying to modernize, <s>Britain</s> and <t>France</t> have agreed to act more closely to help African states achieve their goal.",AGREE,AGREE
"<s>Almost 12,000 Iraqi Christians</s> have sought refuge in <t>Amman</t> since ISIL gave Mosul residents the choice to flee or be killed.",REQUEST,COERCE
"Washington, September 29 (PTI) : Agreeing to the demands by Democrats, <s>US President Donald Trump</s> has ordered a limited FBI investigation into the allegations of sexual assault against <t>his embattled Supreme Court nominee Brett Kavanaugh</t>, throwing his Senate confirmation in doubt.",ACCUSE,AGREE
"<s>Prime Minister Narendra Modi, BJP president Amit Shah (right)</s> and <t>Home Minister Rajnath Singh</t> attend the BJP parliamentary party meeting at Parliament library in New Delhi on March 13, 2018.",CONSULT,CONSULT
"<s>Ukraine</s> has imposed sanctions on <t>former President Viktor Yanukovich and ex-Prime Minister Mykola Azarov</t>, freezing their assets and property, banning them from withdrawing capital from the country and stripping them of all state awards.",COERCE,SANCTION
"<s>Thai police</s> have also detained <t>Chinese dissident Liu Xuehong</t> who recently supported detained rights activist Huang Qi, the founder of the Tianwang human rights website.",COERCE,COERCE
"Since 1978, <s>the United States</s> has provided <t>Egypt</t> with what now totals over $50 billion in military and $30 billion in economic assistance.",AID,AID
<s>Australia's department of foreign affairs and trade</s> is providing consular assistance to <t>the man's family</t> through the Australian Embassy in Denmark and the Canadian Embassy in Iceland.,AID,AID
<s>Russia</s> has issued an ultimatum to <t>Ukrainian forces</t> in the Crimea to clear out by 5 a.m. Tuesday or face a military storm.,THREATEN,THREATEN
<s>The US</s> has suspended military aid to <t>Syrian rebels</t> in an attempt to persuade them to present a united front in peace talks that started last night.,SANCTION,SANCTION
"<s>South Sudan mediator Tut Galuak</s> said the Sudanese government has started direct talks with <t>The Sudan Revolutionary Front</t>, an alliance of rebel groups, which has joined the protest movement against al-Bashir but did not fully support the power-sharing deal with the military.",CONSULT,CONSULT
"<s>Belgian prosecutors</s> have launched an investigation into whether <t>Swiss bank Credit Suisse</t> helped some 2,650 Belgians hide their accounts from tax authorities.",ACCUSE,ACCUSE
<s>U.S. Trade Representative Robert B. Zoellick</s> and <t>Kuwaiti Minister of Commerce and Industry Abdullah Al Taweel</t> today signed an agreement creating a framework for increased trade and investment between Kuwait and the United States.,SUPPORT,AGREE
"<s>The Nigerian Army</s> on Tuesday said it arrested <t>16 Boko Haram terrorists</t>, including two top commanders of the sect during a sting operation.",COERCE,COERCE
ISLAMABAD - <s>Pakistani police</s> have arrested <t>a Rawalpindi man and his wife</t> for their alleged involvement in the kidnapping and rape of underage female students.,COERCE,COERCE
"<s>The United Nations</s> on Tuesday condemned <t>pro-Syrian government forces</t> bombing of two hospitals in western Aleppo province as a possible war crime, as towns and villages in the rebel-held region continued to have bombs rained down on them.",ACCUSE,ACCUSE
"<s>Oil minister Oun</s> had ordered an investigation against <t>Sanalla</t> over the latter's refusal to hand over corporation leadership to Jadallah al-Awkali, who was appointed by the oil ministry as the new NOC chairman.",ACCUSE,ACCUSE
"<s>Yemeni army and allied forces</s> have launched a missile attack against <t>a military base in Saudi Arabia's southwestern Jizan region</t>, inflicting casualties on Sudanese mercenaries there.",ASSAULT,ASSAULT
"<s>Germany</s> provided 6.3 million euros to support projects which benefit <t>Palestinian refugees</t> in Syria, Jordan and Lebanon.",AID,AID
"<s>A Saudi trainee military pilot</s> launched a terror attack at <t>a US Navy base</t> after an instructor called him ""Porn Stash,"" suggesting his moustache resembled that of a pornographic film actor.",ASSAULT,ASSAULT
<s>Turkey</s> has improved diplomatic relations with <t>Iran</t> and gradually appreciates and supports <t>Iran</t>'s involvement in Syria's peace process.,SUPPORT,SUPPORT
<s>US</s> and <t>China</t> have agreed to sign a first trade deal.,AGREE,AGREE
<s>The new UNSC resolution</s> reaffirms that <t>all parties to the conflict in Yemen</t> must uphold their responsibility to protect civilians from war crimes and crimes against humanity.,REQUEST,REQUEST
"<s>The Tunisian government</s> continues security force operations against <t>Ansar al-Sharia in Tunisia (AAS-T) , ISIS, and al-Qa'ida</t> in the Lands of the Islamic Maghreb (AQIM) .",ASSAULT,COERCE
"<s>Brigadier General Zaw Min Tun</s> (R), <t>Major General Soe Naing Oo (C), and Major General Tun Tun Nyi</t> of the Myanmar's military information team hold a press conference at the Yangon division military headquarters in Yangon, Feb. 23, 2019.",CONSULT,CONSULT
"<s>Britain</s> has sent 100 armoured patrol vehicles and a team of paratroopers to <t>Lebanon</t> to help the country patrol its borders and stop terrorists, drugs and weapons from entering Europe.",AID,AID
"<s>Greek police</s> had arrested <t>the eight men and one woman</t> in dawn raids in central Athens, days before a state visit by Turkish President Recep Tayyip Erdogan to Greece in December 2017.",COERCE,COERCE
<s>Washington</s> has lifted sanctions on high-tech exports to <t>India and Pakistan</t> in the interest of U.S. national security.,YIELD,YIELD
"In <t>Iraq</t>, <s>U.S. troops</s> are involved in a variety of stability tasks, including nation-building activities that have been undertaken in some peacekeeping operations.",AID,AID
"<s>Eritrea</s> has expelled <t>some of the U.N. peacekeepers</t>, raising fears of renewed hostilities with neighboring Ethiopia.",SANCTION,YIELD
US-AIRSTRIKES _ WASHINGTON _ <s>President Clinton</s> ordered airstrikes against <t>Saddam Hussein</t> Wednesday.,ASSAULT,ASSAULT
<s>CBP</s> returned prehistoric fossils to <t>the Chinese government</t>.,YIELD,AID
"<s>The World Health Organization</s> condemned <t>the killing of the Palestinian medic in uniform</t>, saying, ''Health care is not a target.''",ACCUSE,ACCUSE
"<s>The Delhi Police</s> has arrested <t>three people, including the boyfriend of a 20-year-old woman</t>, who died after allegedly falling from the third floor of a building in central Delhi's Prasad Nagar.",COERCE,COERCE
<s>Armenian President Serzh Sargsyan</s> and <t>Azerbaijani President Ilham Aliyev</t> agreed to continue their work on the political settlement to the conflict and instructed their foreign ministers to speed up the negotiation process.,SUPPORT,AGREE
<s>US authorities</s> have deported <t>a convicted IRA bomber</t> who first travelled to the country 20 years ago.,COERCE,COERCE
"<s>Ali Kushayb, a Sudanese militia leader</s> charged with 50 crimes against humanity and war crimes related to the conflict in Darfur, has surrendered to the <t>authorities</t>.",YIELD,COERCE
"<s>President Sooronbai Jeenbekov</s> resigned on Thursday, to allow <t>the nationalist rival</t> to take the power.",YIELD,YIELD
<s>U.S. President Donald Trump</s> will make a state visit to <t>the United Kingdom</t> in June according to an official statement released by Buckingham Palace.,AGREE,CONSULT
<s>Hundreds of employees</s> stopped work on Tuesday in a strike complaining of changes in the <t>wake of Nokia's sale of its mobile phones business</t> to U.S. software giant Microsoft.,PROTEST,PROTEST
"Despite pressure from the US, <s>the Russian military</s> will increase its cooperation with <t>the PLA</t> in areas such as missiles, shipbuilding and other sectors, he said.",AGREE,AGREE
"Despite government propaganda, <s>Boko Haram</s>, with frequent and convincing repetition, demonstrates that it has more firepower than <t>the Nigerian military</t>.",THREATEN,ACCUSE
<s>The Pentagon</s> said it hit <t>five bases used by the Iraqi Hizbollah militant group</t> following a rocket attack in Iraq that killed a US civilian contractor.,ASSAULT,ASSAULT
<s>Kenya</s> signed an agreement with <t>the U.K.</t> to ensure continued preferential trade terms with its biggest European partner after Brexit.,AGREE,AGREE
<s>The Brazilian authorities</s> said <t>their government</t> is committed to opening up the economy and to ensuring firm monetary discipline and macroeconomic stability.,AGREE,SUPPORT
<s>The Federal Bureau of Investigation</s> has opened fraud investigations of <t>four of the largest American corporations at the center of the financial turmoil</t>.,ACCUSE,ACCUSE
<s>German Foreign Ministry</s> provides humanitarian assistance to <t>flood victims in Iran</t>.,AID,AID
"<s>US President Donald Trump's son-in-law and senior adviser</s> has quietly held talks in the Saudi capital, Riyadh, with <t>King Salman bin Abdulaziz Al Saud and Crown Prince Mohammed</t> as part of a tour of the Middle East.",CONSULT,CONSULT
"According to Palestinian sources, 25 Palestinians have been killed since <s>Israeli Prime Minister Ariel Sharon and Defense Minister Shaul Mofaz</s> made their decision to carry out intensive targeted killing against <t>Hamas militants</t> on Tuesday.",ASSAULT,ASSAULT
"Last week, <s>Putin</s> granted temporary asylum to <t>Snowden, a former National Security Agency contractor</t> who leaked top-secret information about a controversial electronic-surveillance program.",AID,AID
"<s>Phil Murphy</s> and <t>New Jersey state assembly leaders</t> have reached a deal that would legalize the use of marijuana for Garden State residents taking the drug for non-medical purposes, according to a Jersey state senator.",SUPPORT,AGREE
"And, <s>opposition parties</s> say they will boycott <t>elections</t> scheduled for next month.",THREATEN,REJECT
<s>India</s> and <t>Pakistan</t> were guilty of violating the ceasefire agreement 70 times along the LoC and Working.,ASSAULT,REJECT
<s>A Brazilian federal court</s> has rejected a request from <t>jailed former President Luiz Inacio Lula da Silva</t> to be present at the first debate of presidential candidates for October's election.,REJECT,REJECT
"<s>US</s> removed sanctions on nearly <t>five dozen shipping companies, trading firms and individuals that had been blacklisted for links to Cuba</t>.",YIELD,YIELD
"<s>Algerian police</s> have arrested <t>former President Abdelaziz Bouteflika's youngest brother alongside two former intelligence chiefs</t>, according to local media.",COERCE,COERCE
<s>Tobago's authorities</s> have deported <t>at least 165 Venezuelans</t> in recent weeks.,COERCE,COERCE
"Brussels, March 21: <s>The European Union (EU) </s>has opposed <t>British Prime Minister Theresa May's plan</t> to delay Brexit until June 30, as per a leaked internal EU diplomatic note, Independent reported.",REJECT,REJECT
"<s>President of Ukraine</s> and <t>Prime Minister of Great Britain</t> signed an agreement on political cooperation, free trade, and strategic partnership.",SUPPORT,AGREE
<s>The U.S. southern command</s> carried out emergency evacuation of families of military personnel and security protection operations in <t>a hospital located in areas returned to Panamanian control</t>.,AID,COOPERATE
"New Delhi: Top democratic leader and speaker of US House of Representatives <s>Nancy Pelosi</s> has lauded India-US ties and said that the support for <t>New Delhi</t> in the US Congress ""is always bipartisan.""",SUPPORT,SUPPORT
"<s>Trump</s> and <t>King Abdullah</t> will gather for a meeting in the Oval Office and then proceed to a working lunch, where the two leaders are expected to discuss a range of shared priorities.",CONSULT,CONSULT
"As part of the operation, <s>the Turkish armed forces</s> have been launching airstrikes on <t>PKK targets stationed in northern Iraq</t>.",ASSAULT,ASSAULT
"<s>Ukrainian security forces</s> arrested <t>Leonid Kozhara</t>, who served as foreign minister in the pro-Russian government led by exiled president Viktor Yanukovych, on suspicion of pre-meditated murder on Wednesday.",COERCE,COERCE
"<s>U.S. Secretary of State Mike Pompeo</s> expressed support for <t>Congo President Felix Tshisekedi</t>'s change agenda to tackle corruption, improve human rights and strengthen security during their first meeting on Wednesday, the State Department said.",SUPPORT,SUPPORT
<s>The Bulgarian military</s> has offered to <t>U.S.</t> an additional security for the airport and will make accommodations available to <t>U.S.</t> personnel at a military recreation center at the port.,AGREE,AGREE
"In recent years <s>the Taliban</s> have carried out near-daily attacks, mainly targeting <t>the Afghan government and security forces</t>.",ASSAULT,ASSAULT
"<s>Afghan Foreign Minister Mohammad Haneef Atmar</s> called for sanctions against <t>Taliban leadership</t> in response to the provincial seizures, saying they violated commitments that the group gave to the U.S. in 2020.",ACCUSE,REQUEST
<s>The US authorities</s> returned the wild monkeys to <t>Democratic Republic of the Congo</t>.,YIELD,AID
"<s>New Zealand</s> donated USD1 million to <t>the World Food Program in Afghanistan</t>, said Prime Minister Helen Clark.",AID,AID
<s>South Kordofan</s> and <t>Blue Nile</t> have agreed to allow humanitarian access to rebel-held areas in both states.,SUPPORT,AGREE
<s>Greek Prime Minister George Papandreou</s> agreed to resign and leave <t>Greece</t> on Sunday to be replaced by a coalition government of national unity that will have a mandate from the bankers and European heads of state.,AGREE,AGREE
"<s>Afghanistan's intelligence agency</s> has blamed <t>the Taliban-allied Haqqani Network</t> for the attack, which has been linked to Pakistan's military in the past.",ACCUSE,ACCUSE
"<s>The military under South Sudan President Salva Kiir's government</s> has been fighting <t>rebel forces supporting ousted Vice President Riek Machar</t> since mid-December, following an alleged coup attempt by Machar.",ASSAULT,ASSAULT
"LIMA, Peru -- <s>Interpol</s> has rejected <t>the Ecuadorian government</t> to issue an international call for the arrest of a former president who is being investigated for the alleged kidnapping of an opposition leader, officials said Wednesday.",REJECT,REJECT
"<s>Unidentified gunmen</s> beheaded three men and torched a boys' school in <t>Nangarhar province in eastern Afghanistan</t> late on Saturday, in an attack officials blamed on Islamic State militants.",ASSAULT,ASSAULT
"MANILA -- <s>President Rodrigo Duterte</s> has given <t>Canada</t> a May 15 deadline to take back tons of trash mistakenly sent to the Philippines several years ago, saying he will ship the garbage back if the Canadians do not comply.",THREATEN,THREATEN
<s>U.S. Deputy Secretary of State William Burns</s> ended mediation efforts in <t>Egyptian political conflict</t> Wednesday after extending a weekend visit by 72 hours.,SANCTION,CONSULT
"According to the International Committee of the Red Cross, <s>the Taliban</s> on April 12 released <t>20 Afghan government prisoners</t> in the southern province of Kandahar.",YIELD,YIELD
"<s>The Taliban</s> will release <t>20 Afghan government prisoners</t> it was holding, a spokesperson of the Islamist militant group said on Sunday, the first handover since the beginning of a peace process.",AGREE,YIELD
"Regardless of the subject of state immunity, <s>the Italian court</s> convicted <t>Germany</t>.",ACCUSE,COERCE
<s>The White House</s> is willing to offer some military assistance to <t>Turkey</t> to assist an insurgency against neighboring Syria.,AGREE,AGREE
<s>Authorities</s> ease curfew as businesses reopen in <t>Amman</t> April 27.,YIELD,YIELD
"<s>The United States</s> is willing to provide <t>Brazil</t> with up to $1.5 billion in additional loan guarantees and insurance to finance U.S. exports to the economically troubled nation, an administration official said Wednesday.",AGREE,AGREE
"<s>The Afghan government</s> will gradually release <t>5,000 Taliban prisoners</t> starting this week if the insurgents significantly reduce violence, President Ashraf Ghani's spokesman said Wednesday, paving the way for peace talks following a U.S. withdrawal deal.",AGREE,YIELD
"In response, <s>the IDF</s> attacked 15 positions belonging to <t>terrorist groups in the Gaza Strip</t> on Tuesday night.",ASSAULT,ASSAULT
<s>U.S. Energy Secretary Rick Perry</s> has made a surprise visit to <t>the World Government Summit</t> in Dubai.,CONSULT,CONSULT
<s>The Supreme Court</s> has demanded an explanation from <t>the Prime Minister's office</t>.,REQUEST,REQUEST
"An ancient Egyptian sarcophagus was returned to <t>the Arab Republic of Egypt</t> by <s>ICE and CBP officials</s> on March 10, 2010, at the National Geographic Society in Washington D.C.",YIELD,AID
"<s>Turkish authorities</s> have deported <t>more than 16,000 Syrians</t> to Idlib this year, including more than 1,900 people in September.",COERCE,COERCE
"<s>The Indian Coast Guard regional headquarters (East) </s>is conducting the first-ever training for <t>eight personnel, two officers and six personnel below officer rank, of the Maldives National Defence Force Coast Guard</t> at Chennai till October 19, as part of an international cooperation between the two countries.",COOPERATE,COOPERATE
"In 2012, <s>the UNSC</s> imposed sanctions in relation to <t>Guinea Bissau</t> in response to the military seizing power.",COERCE,SANCTION
"<s>A director in the Yangon government</s> filed a complaint that alleged <t>the Eleven Media journalists</t> violated a Myanmar law banning publication of ""incorrect information"" that could cause ""fear or alarm to the public.""",ACCUSE,ACCUSE
"<s>Hezb-e-Islami</s> also threatened to shell <t>Bagram</t>, the military airfield 15 miles north of Kabul.",THREATEN,THREATEN
<s>The Thiruvananthapuram city police</s> have arrested <t>a youth</t> for an alleged chain-snatching attempt made on an IPS trainee a few days ago.,COERCE,COERCE
<s>The UAE</s> formally lifted the pre-existing trade and travel restrictions between it and <t>Israel</t>.,YIELD,YIELD
"<s>Iraq</s> has lifted its boycott on <t>Canadian wheat and other goods</t>, a gesture Canadian officials quickly dismissed as having little practical effect.",YIELD,YIELD
<s>The separatist group Black Widow</s> has agreed to lay down its illegal weapons in <t>Russia</t> and shift to designated camps on September 15.,AGREE,AGREE
"JERUSALEM - <s>The Israeli Cabinet</s> unanimously approved a proposal to build over 700 housing units for <t>Palestinians</t> in addition to 6,000 Israeli settlement housing units in the West Bank.",AID,SUPPORT
"<t>A young inmate, Mohammad Dowji</t>, was tortured to death by <s>prison guards in Amirabad Prison in Gorgan</s> on November 18, 2020.",ASSAULT,COERCE
<s>Germany</s> opened its borders to reduce <t>Syrian</t> inequalities that were a result of their situation.,YIELD,SUPPORT
"On top of €161 million in financial aid, <s>Germany</s> has made available ambulances, experts, hospital equipment, medical supplies, and logistical assistance to fight the Ebola epidemic in <t>West Africa</t>.",AID,AID
<s>The Mauritius government</s> said last week that it would seek compensation from <t>the owner of the Japanese freighter</t> over the oil leakage.,REQUEST,REQUEST
<s>The Supreme Court</s> today refused to lift the ban imposed on <t>the Students Islamic Movement of India (SIMI) </t>since 2001.,REJECT,REJECT
"Last week, <s>the Taliban</s> rejected <t>the Afghan government</t>'s dialogue offer proposed in late February and announced the start of its new spring military offensive.",REJECT,REJECT
<s>The group al-Nusra Front</s> will not release <t>the soldiers and policemen</t> without anything in return.,REQUEST,REJECT
<s>US Secretary of State Hillary Clinton</s> has defended <t>US strategy</t> in Afghanistan after the Afghan President called for US Military operations there to be scaled back.,SUPPORT,REJECT
"<s>The IDF (Israeli Defence Force) </s>is currently striking <t>Islamic Jihad terror targets in the Gaza strip</t>, the army said in a WhatsApp message to reporters.",ASSAULT,ASSAULT
<s>The United Kingdom and France</s> however have opposed <t>resolutions in the United Nations</t> on depleted uranium weapons.,REJECT,REJECT
"As Trump and his advisers mull options, <s>the Russian government</s> has aligned with <t>Maduro</t>, expressing support for the Venezuelan president's government.",SUPPORT,SUPPORT
"<s>The United States</s> has sent top government officials to <t>Qatar</t> to investigate a recent Fox News report alleging Doha is funding Lebanese Hezbollah militia, according to Al Arabiya sources.",ACCUSE,CONSULT
<s>The Plaintiff</s> demanded an admission by <t>the Defendant</t> that he defamed the Plaintiff and also demanded publication of the apology in the local press in such a manner as was approved by the Plaintiff.,REQUEST,REQUEST
<s>UNRWA</s> said it had suspended aid deliveries to <t>Gaza</t> after the Hamas-run Ministry of Social Affairs stole 10 truckloads of flour and rice delivered to <t>Gaza</t> on Thursday.,SANCTION,SANCTION
"<s>Turkish Prime Minister Recep Tayyip Erdogan</s> has rejected <t>jailed Kurdish leader Abdullah Ocalan</t> for a rebel ceasefire, calling instead on Kurdish separatists to lay down their arms.",REJECT,REJECT
"<s>Lebanon President Michel Aoun</s> has designated <t>Hezbollah-backed Hassan Diab</t>, an academic and former education minister, as the country's next prime minister on Thursday, breaking a weeks-long impasse.",YIELD,AGREE
<s>Hackers linked to the Iranian government</s> launched cyber-attacks on some four dozen <t>U.S. financial institutions</t> and a flood-control dam above New York City in forays meant to undermine U.S.markets and national security.,COERCE,ASSAULT
<s>Russia</s> has so far refused to deploy peacekeepers in <t>the region</t>.,REJECT,REJECT
"In early December, <s>Ethiopian authorities</s> struck a deal with the United Nations to allow humanitarian supplies to reach the many people in need in <t>Tigray</t>.",YIELD,AID
"<s>Indian farmers</s> began a one-day hunger strike on Saturday in protest against new agricultural laws imposed by <t>Indian government</t>, after a week of clashes with authorities that left one dead and hundreds injured.",PROTEST,PROTEST
"<s>Foreign Minister Javad Zarif</s> also strongly defended <t>Iran</t>'s position, saying Washington needs to take the first step.",SUPPORT,REQUEST
<s>Taliban officials</s> have so far rejected <t>the Afghan government</t> to hold direct talks.,REJECT,REJECT
"<s>The Iraqi Communist Party</s> announced on Saturday that it will boycott <t>the upcoming parliamentary elections</t> scheduled for Oct. 10, citing the deepening security and political crisis in the country.",THREATEN,REJECT
"<s>The Ethiopian central government</s> has issued an ultimatum to <t>the Tigray People's Liberation Front (T.P.L.F.) </t>, reports the B.B.C., giving the Front 72 hours to surrender or else face an assault on the regional capital of Mekelle.",THREATEN,THREATEN
"On Tuesday, <s>Delhi Police Commissioner Amulya Patnaik</s> held a law and order meeting with <t>all district DCPs and SHOs at the Delhi Police Headquarters</t> asking them to take action immediately.",REQUEST,CONSULT
<s>South Korea</s> suspended humanitarian aid to <t>North Korea</t> after the country conducted its fourth nuclear test in January 2016.,SANCTION,SANCTION
"<s>Egypt</s> finally let free the 27-year old <s>Egypt</s>ian-American Mohamed Soltan, who had been held in a military prison in Cairo for almost two years.",YIELD,YIELD
<s>The European Commission</s> has accused <t>Merkel's government</t> of not adapting German law enough to curtail the practice.,ACCUSE,ACCUSE
"On Tuesday evening, <s>Israeli military jets</s> carried out several air strikes in <t>the northern Gaza Strip</t>, killing a 24-year-old Hamas militant and injuring four others.",ASSAULT,ASSAULT
<s>Twelve U.S. Army soldiers</s> deployed to Nigeria Army's School of infantry to train <t>more than 200 Nigerian soldiers</t> for seven weeks.,COOPERATE,COOPERATE
<s>The Taliban</s> stepped up their war against <t>the Kabul government</t> after launching this year's summer offensive.,ASSAULT,ASSAULT
"<s>Cambodian King Norodom Sihamoni</s> pardoned <t>convicted Prince Norodom Ranariddh</t> Thursday, allowing him to return home from self-imposed exile abroad.",YIELD,YIELD
"<s>Somalia's President Mohamed Farmaajo</s> rejected <t>President Uhuru Kenyatta's call for talks</t>, saying that the court should be the ultimate arbiter.",REJECT,REJECT
<s>Russian police</s> detained <t>several dozen people</t> in the early hours on Thursday at a rally protesting plans to build a cathedral in a popular park in Russia's fourth-largest city.,COERCE,COERCE
The <s>EU</s> has provided more than €1.2 billion for humanitarian and development aid and medical research to stem and ultimately end the current Ebola outbreak in <t>West Africa</t>.,AID,AID
"<s>The Iraqi air force</s> carried out at least three air strikes in western Mosul, killing several <t>dozens of Islamic State fighters</t>, according to Iraqi military statements on Tuesday.",ASSAULT,ASSAULT
<s>Israel</s> has agreed to open its borders with <t>Gaza</t> to allow humanitarian aid and reconstruction materials into the war-battered Palestinian enclave.,AGREE,AGREE
"Last week, <s>North Korea</s> threatened to shell <t>South Korean sites</t> if Seoul carries out an operation to make anti-Pyongyang broadcasts and send leaflets across their heavily armed border as its defense minister had suggested earlier this month in parliament.",THREATEN,THREATEN
UNITED NATIONS (Sputnik) - <s>The UN General Assembly</s> adopted <t>the Ukrainian resolution</t> on human rights violations in Crimea.,YIELD,SUPPORT
<s>Pakistan</s> is willing to withdraw its troops from the disputed territory of <t>Kashmir</t>.,AGREE,YIELD
"<s>Thousands of Myanmar nationals</s> have sought refuge in <t>India's northeastern state of Mizoram</t> since a military coup and brutal military repression in that country, nonprofits said Monday.",REQUEST,AID
<s>Secretary of State Mike Pompeo</s> lifts restrictions on <t>their Taiwanese counterparts</t>.,YIELD,YIELD
"<s>President Xi Jinping</s> meets <t>Harvard University President Lawrence Bacow and wife, Adele</t>, at the Great Hall of the People in Beijing on Wednesday.",CONSULT,CONSULT
"<s>Afghan Taliban</s> have agreed to a ceasefire in <t>Afghanistan</t>, says chief negotiator.",AGREE,AGREE
<s>Leaders of the two sides</s> are responsible for mass killings and rapes in <t>South Sudan</t>.,ASSAULT,ACCUSE
"<s>North Korean leader Kim Jong Un</s> arrived in <t>Russia</t> by train on Wednesday, a day before his much-anticipated summit with President Vladimir Putin that comes amid deadlocked diplomacy on his nuclear program.",CONSULT,CONSULT
"In Lamu, <s>Al Shabaab</s> launched an attack at <t>a US military base</t> last week, killing three people, including a US soldier who was attacked at Manda Bay Airfield.",ASSAULT,ASSAULT
<s>Japan</s> lifts sanctions against both <t>India and Pakistan</t> in recognition of their support for the US-led war on terrorism.,YIELD,YIELD
<s>Turkish police</s> said they detained <t>137 people in Istanbul</t> on Wednesday for trying to hold illegal demonstrations in various parts of the city to celebrate May Day.,COERCE,PROTEST
<s>The Government of Myanmar</s> has forced <t>humanitarian aid workers</t> out of the Rakhine State.,SANCTION,COERCE
"<s>Saudi Arabia</s> eased key restrictions on <t>millions of foreign workers</t>, under reforms to its labour policy.",YIELD,YIELD
"<s>Guatemalan authorities</s> have deported 2,374 migrants to <t>Honduras</t> who were part of a caravan trying to reach the U.S.",COERCE,COERCE
"<s>Uganda police</s> have detained five people including <t>journalists from the British Broadcasting Corporation (BBC) , and local NBS TV</t> who are reported to have been investigating the theft and sale of government drugs.",COERCE,COERCE
"<s>German State Prosecutors</s> opened fraud investigations yesterday against <t>15 executives and suppliers of Klockner-Humboldt-Deutz</t>, a German internal combustion engine manufacturer.",ACCUSE,ACCUSE
"<s>President Vladimir Putin</s> has cancelled a planned visit to <t>Paris</t>, after French President Francois Hollande accused Syrian troops of committing a “war crime” in Aleppo with Russia's support.",REJECT,ACCUSE
<s>The White House</s> says it stands in solidarity with <t>its closest ally the UK</t> and supports its decision to expel 23 Russian diplomats.,SUPPORT,SUPPORT
"<s>Iraqi warplanes</s> pounded <t>Islamic State positions in eastern Syria</t> with deadly airstrikes Thursday, the Iraqi government said.",ASSAULT,ASSAULT
"<s>Indian officials</s> have shared evidence with <t>the United States</t>, but they have not permitted that information to be shared with Pakistan, said one Western official.",COOPERATE,SUPPORT
"After five years of war, <s>South Sudan's President Salva Kiir</s> signed a peace deal with <t>main rebel leader Riek Machar</t> in August.",SUPPORT,AGREE
"On Monday, <s>London court</s> issued an arrest warrant against <t>diamond merchant Nirav Modi</t> who is wanted in India for an alleged loan default case, according to the sources in the Enforcement Directorate.",COERCE,COERCE
<s>American activists</s> have launched a hunger strike to protest the zero tolerance immigration policy imposed by <t>Trump Admininstration</t> at the southern border.,PROTEST,PROTEST
"<s>Chinese regulators</s> have launched an investigation into <t>Alibaba Group</t> and will meet with its affiliate, Ant Group, in the next few days.",ACCUSE,CONSULT
<s>Spanish Prime Minister Jose Maria Aznar</s> will receive <t>his British counterpart</t> on Thursday to discuss Iraq.,CONSULT,CONSULT
Vice Admiral Johan Retief said <s>South Africa</s> would give <t>Nigeria</t> technical assistance in ship repairs and provide spare parts for its naval fleet.,AGREE,AID
"<s>President Donald Trump and Senate Republicans</s> have rejected <t>Ford</t> for an FBI investigation of her accusation, which she says should take place before she testifies.",REJECT,REJECT
<s>Kiev</s> demanded an apology from <t>the Prime Minister of Slovakia</t> for a joke about Transcarpathia.,REQUEST,REQUEST
"<s>President Donald Trump</s> signed an agreement with <t>China</t> this week that will increase trade between the two countries in many sectors of the economy especially for agriculture, manufacturing and energy.",SUPPORT,AGREE
"<s>Zimbabwe's former leader Robert Mugabe</s> said on Sunday he would not be voting for his successor, <t>Emmerson Mnangagwa</t>, in the country's upcoming election, claiming that the current government was unconstitutional.",ACCUSE,REJECT
<s>Somali opposition leaders</s> have agreed to postpone a protest in <t>Mogadishu</t> over election delays originally planned for Friday after last week's clashes.,AGREE,AGREE
"In June 2018, <s>Germany's Federal Court of Justice</s> issued an arrest warrant for <t>Jamil Hassan, the head of the Syrian Air Force Intelligence</t>.",COERCE,COERCE
"<s>Russian and Syrian regime warplanes</s> are striking <t>Daesh positions in the city and its outskirts</t>, he added.",ASSAULT,ASSAULT
"On Thursday, <s>the South Korean president</s> will join <t>U.S. President Donald Trump and Japanese Prime Minister Shinzo Abe</t> for three-way talks over dinner.",CONSULT,CONSULT
<s>The United States military</s> yesterday gave 625 new firearms to <t>the Philippine Marines</t> to help in the ongoing operations against the Maute group in Marawi City.,AID,AID
"<t>Bohendi</t> was beaten, injured, and then died because of torture in <s>Abu Hamour</s>.",ASSAULT,ASSAULT
"<t>Thousands of Kenyans</t> were detained, including U.S. President Barack Obama's grandfather, Hussein Onyango Obama.",COERCE,COERCE
"<s>An Italian tribunal</s> has lifted a ban on <t>veteran center-right leader Silvio Berlusconi</t> from holding public office, meaning he could run to be prime minister in the next national election.",YIELD,YIELD
<s>Afghan President</s> has ordered <t>all Pakistani pro-Taliban newspapers</t> to suspend publications.,REQUEST,COERCE
<s>France</s> suspended a 3% digital tax on <t>U.S. tech companies</t>.,YIELD,SANCTION
<s>The United States</s> will not lift the ban on doing business with <t>Chinese telecommunications giant ZTE</t> until ZTE pays a $1 billion fine for trade violations and places $400 million more in escrow.,REJECT,REJECT
"<s>The Civil Liberty Organization (CLO) </s>has demanded the immediate trial or release of Sani Baban-Inna, the Aide-De-Camp of Aisha Buhari, wife of President Muhammadu Buhari.",ACCUSE,REQUEST
"<s>Syrian government forces</s> have killed more than 500 civilians during a week of intense bombardment of <t>a rebel enclave near Damascus</t>, activists say.",ASSAULT,ASSAULT
"For instance, <s>the Union</s> refused to send peacekeepers or any weapons to <t>Ukraine</t>, despite requests from the country and the Russian similar support for separatists.",REJECT,REJECT
<s>Hamas</s> had accepted a formula likely to lead to a resolution its conflict with <t>Israel</t>.,CONSULT,AGREE
<s>The British Parliament</s> demanded a meeting of the <t>14 signatory powers</t> to review the 1885 Berlin Agreement.,REQUEST,REQUEST
<s>The Revolutionary Armed Forces of Colombia</s> said Thursday that they soon will release <t>Pablo Emilio Moncayo</t>.,AGREE,YIELD
<s>Defense Minister Sergey Shoigu</s> has defended <t>Russia</t>'s recent efforts to step up its military presence in the Arctic.,SUPPORT,MOBILIZE
<s>Members of New York's Congressional delegation</s> on Saturday demanded the removal of <t>President Donald Trump</t> from office.,ACCUSE,REQUEST
<s>Bolivia's attorney general's office</s> ordered the arrest of <t>exiled former president Evo Morales</t> on Wednesday following the interim government's accusation of sedition and terrorism.,COERCE,COERCE
<s>The Egyptian military council</s> also decided to ease restrictions on <t>the formation of political parties</t>.,YIELD,YIELD
"<s>South Sudanese militia</s> has freed <t>280 child soldiers</t> as part of a wider deal to release about 3,000 under-age fighters, the UN's children agency Unicef has said.",YIELD,YIELD
"<s>China</s> summoned <t>a senior US diplomat</t> on Friday to lodge a formal complaint about US comments on Hong Kong, after proposed US legislation that would require the government to justify the continuation of special treatment for the territory.",REQUEST,ACCUSE
"<s>Abu Sayyaf gunmen</s> killed <t>six Philippine Army soldiers</t> and wounded four others in an ambush in the town of Sumisip, Basilan.",ASSAULT,ASSAULT
"Earlier on Thursday, <s>King Abdullah II</s> and <t>the Moroccan King Mohammed VI</t> held talks at the Casablanca Royal Palace.",CONSULT,CONSULT
<s>Italy</s> is ready to contribute to strengthening <t>African capacities in the area of peacekeeping</t>.,SUPPORT,AID
<s>Saudi Arabia</s> has agreed to a ceasefire with <t>Yemen's Ansar Allah group</t> in four regions of Yemen.,AGREE,AGREE
<s>Labour</s> have demanded a detailed explanation from <t>the prime minister</t>,REQUEST,REQUEST
"<s>State of Colorado</s> accepted <t>Syrian refugees</t>, Hickenlooper says.",YIELD,AID
<s>Obama</s> lifts US embargo on lethal arms sales to <t>Vietnam</t>.,YIELD,YIELD
<s>A Pakistani pharmaceutical company</s> had concluded its voluntary licensing agreement with <t>a US pharmaceutical company</t> for the manufacture and sale of Remdesivir.,AGREE,AGREE
"Earlier, <s>Iraqi Prime Minister Adel Abdul Mahdi</s> ordered an investigation into <t>the sinking of the ferry in Mosul</t>.",ACCUSE,REQUEST
<s>A British judge</s> on Wednesday rejected <t>the Turkish government</t> to extradite a prominent critic of President Recep Tayyip Erdogan.,REJECT,REJECT
<s>Russia</s> has agreed to lift its long-running ban on <t>US poultry</t> over the use of chlorine for pathogen reduction.,AGREE,AGREE
<s>The Islamic State terrorist group</s> has carried out several attacks against <t>civilian and military targets in Kirkuk</t> in recent months.,ASSAULT,ASSAULT
UNITED NATIONS: <s>The UN Security Council (UNSC) </s>has strongly condemned the heinous and cowardly <t>terrorist attack on the Pakistan Stock Exchange in Karachi</t> this week that killed at least eight people.,ACCUSE,ACCUSE
<s>Biden</s> defended <t>Japan</t>'s right to administer the uninhabited Senkaku Islands.,SUPPORT,SUPPORT
"<s>Zimbabwean opposition leader Morgan Tsvangirai</s> said Sunday that his party would not cooperate with <t>the government of President Robert Mugabe</t>, which he described as a military junta.",REJECT,REJECT
"Earlier Thursday, <s>Maxam</s> refused to respond to a request from <t>Warren County Sheriff's Office dispatchers</t> regarding a loose dog.",REJECT,REJECT
"The ship, Bat Galim, of the <s>Israeli Oceanographic and Limnological Research Institution</s> was conducting research in Cyprus's territorial waters in coordination with <t>Cypriot officials</t>, Israeli media reported on Saturday quoting Israel's Ministry of National Infrastructure, Energy and Water.",COOPERATE,CONSULT
"<s>Rohingya Muslim insurgents</s> ambushed a <t>military vehicle in Myanmar's Rakhine State</t>, wounding five members of the security forces.",ASSAULT,ASSAULT
<s>President Hassan Rouhani</s> met <t>Erdogan</t> for separate bilateral talks in the Turkish capital before they sat down together for their fifth summit on the conflict since 2017.,CONSULT,CONSULT
<s>Erdogan</s> will meet <t>European Council President Donald Tusk and European Commission President Jean-Claude Juncker</t> in Bulgaria's Varna at a summit on March 26.,CONSULT,CONSULT
"<s>Three Kyrgyz politicians</s> have filed a libel lawsuit against <t>former President Almazbek Atambaev and a TV channel he founded</t>, adding to pressure on the ex-leader.",ACCUSE,REJECT
"Money donated by the <s>Irish</s> is part of $3.6 million that's been raised to help <t>about 4,300 Hopi and Navajo households</t>.",AID,AID
"<s>Algerian police</s> have arrested <t>Said Bouteflika, the youngest brother of former president Abdelaziz Bouteflika</t>, and two former intelligence chiefs, Generals Bachir Athmane Tartag and Mohamed Mediene, Ennahar TV said on Saturday.",COERCE,COERCE
<s>Iran</s> summoned <t>the UK envoy</t> on Sunday to complain about his attendance at an illegal rally in Tehran to commemorate those killed in a Ukrainian airliner mistakenly downed by the country's military forces.,ACCUSE,ACCUSE
"<s>The United Nations Security Council</s> imposes sanctions on <t>Yemen</t> in response to its ongoing political, security, economic and humanitarian challenges.",COERCE,SANCTION
"<s>The Afghan government, a number of political parties and the Taliban</s> on Thursday condemned <t>US President Donald Trump</t>'s decision to recognize Jerusalem as Israel's capital.",ACCUSE,ACCUSE
<s>European bar</s> lifts 4-Year boycott of <t>U.S. products</t> after Trump's exit.,YIELD,YIELD
"<s>The Taliban</s> has rejected <t>a Ramadan cease-fire offer from the Afghan government</t>, saying such a move is not rational amid disagreements over the peace process.",REJECT,REJECT
"<s>Russian President Vladimir Putin</s> has said that if <t>Snowden</t> releases any more of the materials, Russia will not grant him temporary asylum.",THREATEN,THREATEN
<t>Ingabire</t> was arrested in <s>Rwanda</s> for collaborating with a terrorist organization and other genocide-related accusations.,COERCE,COERCE
"<s>The Taliban</s> attacked <t>a key Afghan army base in Baghlan province</t>, capturing the base and a police checkpoint, killing dozens of security forces.",ASSAULT,ASSAULT
<s>Trump</s> has now suspended military aid to <t>Pakistan</t> by accusing <t>Pakistan</t> of pursuing double-standard policies.,SANCTION,SANCTION
"<s>Taliban militants in Afghanistan</s> have lifted a ban on <t>World Health Organization (WHO) activities</t> in areas they control, another apparent move by the extremist group to improve their image following the collapse of peace talks with the United States.",YIELD,YIELD
"For this reason, the progress <s>President Trump</s> has made establishing a relationship with <t>Kim Jong Un</t> serves the cause of peace on the Korean Peninsula and enhances the security of the American people.",SUPPORT,SUPPORT
"<s>European Parliament's lead Brexit negotiator Guy Verhofstadt</s> has rejected <t>Theresa May</t> on citizens' rights, claiming it was casting a “dark cloud” over people's status.",REJECT,REJECT
<s>Jose Vasconcelos</s> defended <t>Mexico's racial and ethnic mestizaje</t> as a superior form of modern amalgamation.,SUPPORT,SUPPORT
<s>Communist rebels</s> said Saturday that they will release <t>a kidnaped Peace Corps volunteer and a Japanese citizen</t> to representatives of the International Red Cross in the immediate future.,AGREE,AID
<s>The U.S. government</s> has imposed sanctions on <t>a Thailand-based company</t> it says provides services to an Iranian airline that Washington accuses of supporting terrorist activities directed by Iran's government.,COERCE,SANCTION
"The escalation comes as <s>the U.S.-supported Kurdish militia</s> has launched a separate assault to fight <t>the remaining Islamic State fighters</t> on the eastern corner of the country, creating two major sides for the Syrian civil war.",ASSAULT,ASSAULT
"CAIRO -- <s>USAID</s> said late Monday that it will suspend aid to <t>Houthi-controlled areas in Yemen</t>, where most of the country's people live, if the rebels don't remove impediments obstructing aid operations.",THREATEN,THREATEN
<s>The Sri Lankan government</s> has made it clear it will not lift the ban on <t>LTTE</t> as a precondition for starting negotiations.,REJECT,REJECT
"<s>Seventy-two women's organizations, activists, scholars, civil society and human rights organisations in Nigeria</s>, on Tuesday, strongly condemned recent raids, alleged assault and sexual harassment of over 100 women in <t>Abuja</t>.",ACCUSE,ACCUSE
<s>The prosecutor of the ICC</s> demanded that <t>deposed Sudanese president Omar al-Bashir</t> stand trial for the mass killings perpetrated in Darfur.,REQUEST,REQUEST
<s>Pakistani Prime Minister Imran Khan</s> has cancelled a planned visit to <t>Malaysia</t> under pressure from Saudi Arabia.,REJECT,SANCTION
<s>Europe</s> has made it clear it will not lift the embargo until <t>China</t> signs up fully to the UN's International Covenant on Civil and Political Rights.,THREATEN,REJECT
<s>The Romanian government</s> has agreed to set up a special evacuation transit centre for refugees in <t>Yemen</t>.,AGREE,AGREE
<s>Junior Doctors Association</s> has warned that it will not end the strike in till their demands are fulfilled.,THREATEN,PROTEST
<s>The US secretary of state</s> held talks with <t>Prime Minister Shinzo Abe</t> to discuss the Japanese government's North Korea policy before heading to Pyongyang on Sunday.,CONSULT,CONSULT
"<s>Belgrade's High Court of Justice</s> has rejected the <t>Romanian authorities</t>' request to extradite former House lawmaker Sebastian Ghita, and has established that he is eligible for asylum, the final decision set to be transmitted to the Serbian Interior Ministry.",REJECT,REJECT
<s>A Democratic State Representative</s> has declined to resign under pressure from <t>others in his party</t> over his association with an alleged racist talk show host.,REJECT,REJECT
"<s>French President Emmanuel Macron</s> firmly rejected any military solution to the <t>North Korean</t> crisis and warned against scrapping the nuclear agreement with Iran, in an exclusive interview Tuesday with CNN.",REJECT,REJECT
"<s>Afghan President Ashraf Ghani</s> condemned <t>the barbaric and unforgivable attacks</t>, which are the latest in a relentless wave of assaults by the Taliban, who now hold sway over about half of the country and regularly target government forces.",ACCUSE,ACCUSE
<s>The Klingons</s> demanded support from <t>the Federation</t> because the Khitomer Accords mandated their support.,REQUEST,REQUEST
<s>FBI Director Christopher Wray</s> will meet <t>US President Donald Trump</t> at the White House on Monday to discuss the US Justice Department's disputes with Republicans over documents related to the Russia investigation.,CONSULT,CONSULT
<s>NATO Secretary-General Jens Stoltenberg</s> in his opening remarks before the talks with Zelenskiy on Thursday confirmed NATO's support for <t>Ukraine</t>'s fight against Russia-backed separatists in the east.,SUPPORT,SUPPORT
"On March 29, by a 286-344 vote, <s>Britain's parliament</s> rejected <t>the EU withdrawal agreement</t> for a third time.",REJECT,REJECT
"<s>Haftar, a former CIA asset</s>, launched a military operation on <t>Tripoli</t> in early April after sweeping through much of Libya's south and capturing most of the country's oil installations.",ASSAULT,ASSAULT
"<s>The United Nations</s> has temporarily suspended aid deliveries in <t>Nigeria</t>, the former stronghold of jihadists Boko Haram, after a humanitarian convoy was attacked, the UN children's agency Unicef said on Thursday.",SANCTION,SANCTION
<s>The Bush administration</s> has lifted sanctions imposed on <t>China</t> because of transactions made by two Chinese companies involving missile technology.,YIELD,YIELD
<s>The United States</s> on Friday suspended military aid to <t>Mali</t> after a group of rebel military officers seized power and placed the West African country's president under arrest.,SANCTION,SANCTION
"In addition to working in Somalia, <s>MSF</s> also provides medical humanitarian assistance to <t>Somalis in the Dadaab refugee camp in Kenya, as well as in the Somali region of Ethiopia</t>.",AID,AID
"<s>The Iraqi government</s> lifted the daytime curfew in <t>Baghdad</t> on Saturday, but access to roads leading to major squares remained blocked for fear of further deadly protests, AFP correspondents reported.",YIELD,YIELD
<s>Turkey</s> has also repeatedly threatened to attack <t>Kurdish fighters across the border in north-eastern Syria</t>.,THREATEN,THREATEN
<s>EU</s> called for sanctions against <t>the entities in Uganda</t> responsible for human rights violations.,THREATEN,REQUEST
<s>US president</s> agreed to discontinue tariff on about $ 162 billion on <t>Chinese goods</t> and to cut an existing 15% levy on imports.,AGREE,AGREE
<s>Indian police</s> have imposed a curfew in <t>parts of the western city of Ahmedabad</t> after deadly clashes between Hindu and Muslim gangs continued into the early hours of Saturday.,COERCE,COERCE
<s>President Trump</s> has threatened severe sanctions against <t>Iraq</t> after its parliament called on US troops to leave the country.,THREATEN,THREATEN
<s>Merkel</s> met <t>Erdogan</t> for talks that are expected to focus on the future of a migration deal between Turkey and the EU that helped decrease refugee flows to Europe.,CONSULT,CONSULT
"<s>Protest leaders</s> in <t>Sudan</t> have agreed to end the general strike that brought Khartoum to a standstill this week and are willing to resume power-sharing talks with the ruling military council, an Ethiopian mediator said on Tuesday.",AGREE,AGREE
"On Malaysia, <s>Interpol</s> has issued arrest warrant for the four men, who are believed to be back in <t>Pyongyang</t>, but North Korea is not a member of the organization.",COERCE,REQUEST
"<s>The United Nations Security Council</s> has imposed sanctions on <t>the Central African Republic (CAR) and the Democratic Republic of the Congo (DRC) </t>due to widespread insecurity and lack of law and order, as well as human rights abuses by armed groups.",COERCE,SANCTION
"<s>Congo government</s> outlawed <t>Zairian Association for the Defence of Human Right</t>, the country's leading human rights organization.",COERCE,COERCE
"Six persons were killed on Thursday when <s>suspected Boko Haram terrorists</s> ambushed <t>the convoy of the Nigerian Army's commanding officer</t> near Bulabilin, a village along the Maiduguri/Damboa highway.",ASSAULT,ASSAULT
<s>Britain</s> agreed to open its borders to <t>refugee Jewish children</t>.,YIELD,AGREE
"<s>Trump</s> threatened to attack <t>52 Iranian sites</t> if Iran strikes any Americans, or American assets.",THREATEN,THREATEN
"MANAGUA, Nicaragua -- <s>Nicaraguan police</s> arrested <t>a U.S. citizen</t> in the killing of two women in the tourist destination of Granada, the government said Tuesday.",COERCE,COERCE
"<s>Israeli forces</s> have imposed blockades around Palestinian towns in <t>the West Bank</t>, sometimes causing severe shortages of necessities like flour, sugar, and gasoline.",ASSAULT,COERCE
"<s>U.S. President Donald Trump</s> will make a state visit to the <t>United Kingdom</t> in June, Buckingham Palace announced on Tuesday, a trip Britain hopes will cement transatlantic relations but one that immediately prompted criticism and promises of protests.",AGREE,CONSULT
<s>Britain's Royal Marines</s> said it will not release <t>the Iranian oil tanker</t> unless it can prove it was not breaking European sanctions on oil shipments to Syria.,REJECT,THREATEN
"<s>The Office of Inspector General</s> opened fraud investigations against <t>each of the top 25 providers</t>, which has caused more injury and damages to him,” the complaint states.",ACCUSE,ACCUSE
"<s>Boko Haram jihadists</s> overran <t>a military base in northeast Nigeria</t> after a ferocious firefight, military and vigilante sources said Sunday, the second assault on the country's forces in two days.",ASSAULT,ASSAULT
<s>The Ethiopian government</s> allows UN humanitarian aid workers expanded access to <t>the Tigray region</t>.,YIELD,AID
"<s>The European Parliament (EP)</s> and <t>European Union (EU) Council</t> failed to reach agreement on an update to the novel foods regulation, which would have updated the 1997 regulation to address several issues, including nanoscale ingredients in food.",REJECT,REJECT
<s>President Trump</s> has called <t>Denmark's Prime Minister</t> nasty and cancelled a planned visit after she rejected his idea of buying Greenland.,ACCUSE,REJECT
"According to him, on that line, <s>the European Union</s> gave <t>the TCN</t> a grant, which is free money for the Nigerian government, worth about 25 million Euros.",AID,AID
"The <s>Afghan Interior Ministry</s>, which runs the prison system, recently refused a request from <t>The New York Times</t> to visit Pul-e-Charki prison.",REJECT,REJECT
"<s>Lopez-Gatell</s> defended <t>Mexico</t>'s handling of the epidemic, saying it was adopting measures at an earlier stage than countries that have been hit hard by the virus.",SUPPORT,SUPPORT
<s>The Trump administration</s> has refused to respond to a request from <t>Congress</t> to provide a report determining who killed the Saudi journalist Jamal Khashoggi.,REJECT,REJECT
"<s>The United States, India, Israel, Pakistan and other governments</s> have sent emergency supplies and personnel such as doctors to <t>Nepal</t>.",AID,AID
"<s>A Russian court</s> convicted <t>an American corporate security executive</t> Monday of espionage and sentenced him to 16 years in prison after a closed trial that the U.S. denounced as a “mockery of justice,” and it angrily said his treatment in jail was “appalling.",COERCE,COERCE
<s>Japan</s> lifted travel curbs to and from <t>North Korea</t> and ended restrictions on the amount of money that can be sent or brought to the impoverished North without notifying <s>Japan</s>ese authorities.,YIELD,YIELD
<s>The Nigerian Senate</s> has set up a committee to probe <t>Senator Elias Abbo</t> for allegedly assaulting a woman in Abuja in a sex toy shop.,ACCUSE,ASSAULT
<s>US President Donald Trump</s> on Tuesday lifted a travel ban imposed on <t>Chadian citizens</t> following a six-month government review.,YIELD,YIELD
"<s>Venezuela's embattled president, Nicolas Maduro</s>, is rejecting <t>President Donald Trump's call</t> for a new day in Venezuela and comparing the tone of the American president's speech in Miami to that of a Nazi.",REJECT,REJECT
"<s>US President Donald Trump</s> ordered a new FBI investigation into sexual assault allegations against <t>his Supreme Court pick</t> Friday, as the Senate delayed a vote on Brett Kavanaugh's nomination to make way for the probe.",ACCUSE,REQUEST
<s>North Korean propaganda media</s> have launched a new campaign of denunciations of the <t>South Korean media</t> as denuclearization talks came to a standstill.,ACCUSE,ACCUSE
<s>Thailand</s> agreed to open its borders and grant asylum to refugees from <t>Kampuchea</t>.,AGREE,AGREE
"<s>The Supreme Court of Appeal in Bahrain</s> rejected an appeal lodged by <t>the Bahraini man</t>, who was convicted of organising an illegal gathering and rioting.",REJECT,REJECT
"<s>Rwanda's parliament</s> has just approved a plan for Russia's state-owned Rosatom nuclear conglomerate to build it a nuclear research center and reactor in <t>the capital, Kigali</t>.",YIELD,COOPERATE
<s>The UK Coalition Government</s>'s plans to impose restrictions on the right of workers from <t>new EU counties</t> to come and work in the UK.,THREATEN,COERCE
"<s>A local Taliban leader and his five associates</s> have given up fighting and surrendered in <t>Afghanistan's northern Faryab province</t>, an army source said Tuesday.",YIELD,YIELD
<s>The German government</s> announced on Wednesday that it has earmarked 1.5 million euros ($2.2 million) in emergency aid to help <t>Haiti</t> cope with the devastion caused by Tuesday's earthquake.,AID,AID
<s>Boston police</s> have arrested <t>a New Hampshire man</t> they say offered cash to buy a 13-year-old girl from her parents before grabbing her arm in an attempted kidnapping.,COERCE,COERCE
"Before the votes were all in, <s>the Workers' Party leader in the lower house, Jose Guimaraes</s>, conceded defeat.",YIELD,YIELD
<s>U.S.</s> is pushing hard <t>Palestinian state</t> for a negotiated settlement with Israel sooner.,REQUEST,REQUEST
<s>Senior Afghan intelligence officials</s> shared evidence with <t>their Pakistani counterparts</t> regarding the involvement of the so-called Quetta Shura in the assassination of former Afghan President Burhanuddin Rabbani.,COOPERATE,CONSULT
<s>Washington</s> suspended military aid to <t>Pakistan</t> that could total more than $2 billion.,SANCTION,SANCTION
<s>Syrian President Bashar Assad</s> said <t>Turkey</t> must mediate Israel-Syria peace talks.,REQUEST,REQUEST
"<s>The Afghan government</s>, which is kept out of the U.S.-Taliban talks, Friday reiterated its opposition to <t>the Taliban's reported offer</t> of a reduction in violence, saying an extensive cease-fire could only test the insurgent group's seriousness and further the peace effort.",REJECT,REJECT
"<s>The Japanese government</s> condemned <t>the attack</t> as despicable, while Prime Minister Shinzō Abe, in addition to his own condemnation, stated that Tokyo was working to collect further information.",ACCUSE,ACCUSE
<s>Nigerian Air Force (NAF) </s>says it has killed <t>several Boko Haram terrorists</t> after an air strike on a building where the terrorist were holding meeting in Sambisa forest.,ASSAULT,ASSAULT
"KABUL, Afghanistan -- <s>The U.S. military</s> is investigating reports of an airplane crash in <t>Taliban-controlled territory in Afghanistan</t>.",ACCUSE,CONSULT
<s>The Acting Patent Commissioner</s> on February 22 demanded a meeting of <t>the union executive committee</t> regarding the space for the proposed new patent building.,REQUEST,REQUEST
